<?xml version="1.0"?>
<VTKFile type="UnstructuredGrid" version="0.1" byte_order="LittleEndian">
  <UnstructuredGrid>
    <Piece NumberOfPoints="1004" NumberOfCells="501">
      <Points>
        <DataArray type="Float64" NumberOfComponents="3" format="ascii">
          0 0 0
          0.001 0 0
          0.001 0.01 0
          0 0.01 0
          0.002 0 0
          0.002 0.01 0
          0.003 0 0
          0.003 0.01 0
          0.004 0 0
          0.004 0.01 0
          0.005 0 0
          0.005 0.01 0
          0.006 0 0
          0.006 0.01 0
          0.007 0 0
          0.007 0.01 0
          0.008 0 0
          0.008 0.01 0
          0.009000000000000001 0 0
          0.009000000000000001 0.01 0
          0.01 0 0
          0.01 0.01 0
          0.011 0 0
          0.011 0.01 0
          0.012 0 0
          0.012 0.01 0
          0.013000000000000001 0 0
          0.013000000000000001 0.01 0
          0.014 0 0
          0.014 0.01 0
          0.015 0 0
          0.015 0.01 0
          0.016 0 0
          0.016 0.01 0
          0.017 0 0
          0.017 0.01 0
          0.018000000000000002 0 0
          0.018000000000000002 0.01 0
          0.019 0 0
          0.019 0.01 0
          0.02 0 0
          0.02 0.01 0
          0.021 0 0
          0.021 0.01 0
          0.022 0 0
          0.022 0.01 0
          0.023 0 0
          0.023 0.01 0
          0.024 0 0
          0.024 0.01 0
          0.025 0 0
          0.025 0.01 0
          0.026000000000000002 0 0
          0.026000000000000002 0.01 0
          0.027 0 0
          0.027 0.01 0
          0.028 0 0
          0.028 0.01 0
          0.029 0 0
          0.029 0.01 0
          0.03 0 0
          0.03 0.01 0
          0.031 0 0
          0.031 0.01 0
          0.032 0 0
          0.032 0.01 0
          0.033 0 0
          0.033 0.01 0
          0.034 0 0
          0.034 0.01 0
          0.035 0 0
          0.035 0.01 0
          0.036000000000000004 0 0
          0.036000000000000004 0.01 0
          0.037 0 0
          0.037 0.01 0
          0.038 0 0
          0.038 0.01 0
          0.039 0 0
          0.039 0.01 0
          0.04 0 0
          0.04 0.01 0
          0.041 0 0
          0.041 0.01 0
          0.042 0 0
          0.042 0.01 0
          0.043000000000000003 0 0
          0.043000000000000003 0.01 0
          0.044 0 0
          0.044 0.01 0
          0.045 0 0
          0.045 0.01 0
          0.046 0 0
          0.046 0.01 0
          0.047 0 0
          0.047 0.01 0
          0.048 0 0
          0.048 0.01 0
          0.049 0 0
          0.049 0.01 0
          0.05 0 0
          0.05 0.01 0
          0.051000000000000004 0 0
          0.051000000000000004 0.01 0
          0.052000000000000005 0 0
          0.052000000000000005 0.01 0
          0.053 0 0
          0.053 0.01 0
          0.054 0 0
          0.054 0.01 0
          0.055 0 0
          0.055 0.01 0
          0.056 0 0
          0.056 0.01 0
          0.057 0 0
          0.057 0.01 0
          0.058 0 0
          0.058 0.01 0
          0.059000000000000004 0 0
          0.059000000000000004 0.01 0
          0.06 0 0
          0.06 0.01 0
          0.061 0 0
          0.061 0.01 0
          0.062 0 0
          0.062 0.01 0
          0.063 0 0
          0.063 0.01 0
          0.064 0 0
          0.064 0.01 0
          0.065 0 0
          0.065 0.01 0
          0.066 0 0
          0.066 0.01 0
          0.067 0 0
          0.067 0.01 0
          0.068 0 0
          0.068 0.01 0
          0.069 0 0
          0.069 0.01 0
          0.07 0 0
          0.07 0.01 0
          0.07100000000000001 0 0
          0.07100000000000001 0.01 0
          0.07200000000000001 0 0
          0.07200000000000001 0.01 0
          0.073 0 0
          0.073 0.01 0
          0.074 0 0
          0.074 0.01 0
          0.075 0 0
          0.075 0.01 0
          0.076 0 0
          0.076 0.01 0
          0.077 0 0
          0.077 0.01 0
          0.078 0 0
          0.078 0.01 0
          0.079 0 0
          0.079 0.01 0
          0.08 0 0
          0.08 0.01 0
          0.081 0 0
          0.081 0.01 0
          0.082 0 0
          0.082 0.01 0
          0.083 0 0
          0.083 0.01 0
          0.084 0 0
          0.084 0.01 0
          0.085 0 0
          0.085 0.01 0
          0.08600000000000001 0 0
          0.08600000000000001 0.01 0
          0.08700000000000001 0 0
          0.08700000000000001 0.01 0
          0.088 0 0
          0.088 0.01 0
          0.089 0 0
          0.089 0.01 0
          0.09 0 0
          0.09 0.01 0
          0.091 0 0
          0.091 0.01 0
          0.092 0 0
          0.092 0.01 0
          0.093 0 0
          0.093 0.01 0
          0.094 0 0
          0.094 0.01 0
          0.095 0 0
          0.095 0.01 0
          0.096 0 0
          0.096 0.01 0
          0.097 0 0
          0.097 0.01 0
          0.098 0 0
          0.098 0.01 0
          0.099 0 0
          0.099 0.01 0
          0.1 0 0
          0.1 0.01 0
          0.101 0 0
          0.101 0.01 0
          0.10200000000000001 0 0
          0.10200000000000001 0.01 0
          0.10300000000000001 0 0
          0.10300000000000001 0.01 0
          0.10400000000000001 0 0
          0.10400000000000001 0.01 0
          0.105 0 0
          0.105 0.01 0
          0.106 0 0
          0.106 0.01 0
          0.107 0 0
          0.107 0.01 0
          0.108 0 0
          0.108 0.01 0
          0.109 0 0
          0.109 0.01 0
          0.11 0 0
          0.11 0.01 0
          0.111 0 0
          0.111 0.01 0
          0.112 0 0
          0.112 0.01 0
          0.113 0 0
          0.113 0.01 0
          0.114 0 0
          0.114 0.01 0
          0.115 0 0
          0.115 0.01 0
          0.116 0 0
          0.116 0.01 0
          0.117 0 0
          0.117 0.01 0
          0.11800000000000001 0 0
          0.11800000000000001 0.01 0
          0.11900000000000001 0 0
          0.11900000000000001 0.01 0
          0.12 0 0
          0.12 0.01 0
          0.121 0 0
          0.121 0.01 0
          0.122 0 0
          0.122 0.01 0
          0.123 0 0
          0.123 0.01 0
          0.124 0 0
          0.124 0.01 0
          0.125 0 0
          0.125 0.01 0
          0.126 0 0
          0.126 0.01 0
          0.127 0 0
          0.127 0.01 0
          0.128 0 0
          0.128 0.01 0
          0.129 0 0
          0.129 0.01 0
          0.13 0 0
          0.13 0.01 0
          0.131 0 0
          0.131 0.01 0
          0.132 0 0
          0.132 0.01 0
          0.133 0 0
          0.133 0.01 0
          0.134 0 0
          0.134 0.01 0
          0.135 0 0
          0.135 0.01 0
          0.136 0 0
          0.136 0.01 0
          0.137 0 0
          0.137 0.01 0
          0.138 0 0
          0.138 0.01 0
          0.139 0 0
          0.139 0.01 0
          0.14 0 0
          0.14 0.01 0
          0.14100000000000001 0 0
          0.14100000000000001 0.01 0
          0.14200000000000002 0 0
          0.14200000000000002 0.01 0
          0.14300000000000002 0 0
          0.14300000000000002 0.01 0
          0.14400000000000002 0 0
          0.14400000000000002 0.01 0
          0.145 0 0
          0.145 0.01 0
          0.146 0 0
          0.146 0.01 0
          0.147 0 0
          0.147 0.01 0
          0.148 0 0
          0.148 0.01 0
          0.149 0 0
          0.149 0.01 0
          0.15 0 0
          0.15 0.01 0
          0.151 0 0
          0.151 0.01 0
          0.152 0 0
          0.152 0.01 0
          0.153 0 0
          0.153 0.01 0
          0.154 0 0
          0.154 0.01 0
          0.155 0 0
          0.155 0.01 0
          0.156 0 0
          0.156 0.01 0
          0.157 0 0
          0.157 0.01 0
          0.158 0 0
          0.158 0.01 0
          0.159 0 0
          0.159 0.01 0
          0.16 0 0
          0.16 0.01 0
          0.161 0 0
          0.161 0.01 0
          0.162 0 0
          0.162 0.01 0
          0.163 0 0
          0.163 0.01 0
          0.164 0 0
          0.164 0.01 0
          0.165 0 0
          0.165 0.01 0
          0.166 0 0
          0.166 0.01 0
          0.167 0 0
          0.167 0.01 0
          0.168 0 0
          0.168 0.01 0
          0.169 0 0
          0.169 0.01 0
          0.17 0 0
          0.17 0.01 0
          0.171 0 0
          0.171 0.01 0
          0.17200000000000001 0 0
          0.17200000000000001 0.01 0
          0.17300000000000001 0 0
          0.17300000000000001 0.01 0
          0.17400000000000002 0 0
          0.17400000000000002 0.01 0
          0.17500000000000002 0 0
          0.17500000000000002 0.01 0
          0.176 0 0
          0.176 0.01 0
          0.177 0 0
          0.177 0.01 0
          0.178 0 0
          0.178 0.01 0
          0.179 0 0
          0.179 0.01 0
          0.18 0 0
          0.18 0.01 0
          0.181 0 0
          0.181 0.01 0
          0.182 0 0
          0.182 0.01 0
          0.183 0 0
          0.183 0.01 0
          0.184 0 0
          0.184 0.01 0
          0.185 0 0
          0.185 0.01 0
          0.186 0 0
          0.186 0.01 0
          0.187 0 0
          0.187 0.01 0
          0.188 0 0
          0.188 0.01 0
          0.189 0 0
          0.189 0.01 0
          0.19 0 0
          0.19 0.01 0
          0.191 0 0
          0.191 0.01 0
          0.192 0 0
          0.192 0.01 0
          0.193 0 0
          0.193 0.01 0
          0.194 0 0
          0.194 0.01 0
          0.195 0 0
          0.195 0.01 0
          0.196 0 0
          0.196 0.01 0
          0.197 0 0
          0.197 0.01 0
          0.198 0 0
          0.198 0.01 0
          0.199 0 0
          0.199 0.01 0
          0.2 0 0
          0.2 0.01 0
          0.201 0 0
          0.201 0.01 0
          0.202 0 0
          0.202 0.01 0
          0.203 0 0
          0.203 0.01 0
          0.20400000000000001 0 0
          0.20400000000000001 0.01 0
          0.20500000000000002 0 0
          0.20500000000000002 0.01 0
          0.20600000000000002 0 0
          0.20600000000000002 0.01 0
          0.20700000000000002 0 0
          0.20700000000000002 0.01 0
          0.20800000000000002 0 0
          0.20800000000000002 0.01 0
          0.209 0 0
          0.209 0.01 0
          0.21 0 0
          0.21 0.01 0
          0.211 0 0
          0.211 0.01 0
          0.212 0 0
          0.212 0.01 0
          0.213 0 0
          0.213 0.01 0
          0.214 0 0
          0.214 0.01 0
          0.215 0 0
          0.215 0.01 0
          0.216 0 0
          0.216 0.01 0
          0.217 0 0
          0.217 0.01 0
          0.218 0 0
          0.218 0.01 0
          0.219 0 0
          0.219 0.01 0
          0.22 0 0
          0.22 0.01 0
          0.221 0 0
          0.221 0.01 0
          0.222 0 0
          0.222 0.01 0
          0.223 0 0
          0.223 0.01 0
          0.224 0 0
          0.224 0.01 0
          0.225 0 0
          0.225 0.01 0
          0.226 0 0
          0.226 0.01 0
          0.227 0 0
          0.227 0.01 0
          0.228 0 0
          0.228 0.01 0
          0.229 0 0
          0.229 0.01 0
          0.23 0 0
          0.23 0.01 0
          0.231 0 0
          0.231 0.01 0
          0.232 0 0
          0.232 0.01 0
          0.233 0 0
          0.233 0.01 0
          0.234 0 0
          0.234 0.01 0
          0.23500000000000001 0 0
          0.23500000000000001 0.01 0
          0.23600000000000002 0 0
          0.23600000000000002 0.01 0
          0.23700000000000002 0 0
          0.23700000000000002 0.01 0
          0.23800000000000002 0 0
          0.23800000000000002 0.01 0
          0.23900000000000002 0 0
          0.23900000000000002 0.01 0
          0.24 0 0
          0.24 0.01 0
          0.241 0 0
          0.241 0.01 0
          0.242 0 0
          0.242 0.01 0
          0.243 0 0
          0.243 0.01 0
          0.244 0 0
          0.244 0.01 0
          0.245 0 0
          0.245 0.01 0
          0.246 0 0
          0.246 0.01 0
          0.247 0 0
          0.247 0.01 0
          0.248 0 0
          0.248 0.01 0
          0.249 0 0
          0.249 0.01 0
          0.25 0 0
          0.25 0.01 0
          0.251 0 0
          0.251 0.01 0
          0.252 0 0
          0.252 0.01 0
          0.253 0 0
          0.253 0.01 0
          0.254 0 0
          0.254 0.01 0
          0.255 0 0
          0.255 0.01 0
          0.256 0 0
          0.256 0.01 0
          0.257 0 0
          0.257 0.01 0
          0.258 0 0
          0.258 0.01 0
          0.259 0 0
          0.259 0.01 0
          0.26 0 0
          0.26 0.01 0
          0.261 0 0
          0.261 0.01 0
          0.262 0 0
          0.262 0.01 0
          0.263 0 0
          0.263 0.01 0
          0.264 0 0
          0.264 0.01 0
          0.265 0 0
          0.265 0.01 0
          0.266 0 0
          0.266 0.01 0
          0.267 0 0
          0.267 0.01 0
          0.268 0 0
          0.268 0.01 0
          0.269 0 0
          0.269 0.01 0
          0.27 0 0
          0.27 0.01 0
          0.271 0 0
          0.271 0.01 0
          0.272 0 0
          0.272 0.01 0
          0.273 0 0
          0.273 0.01 0
          0.274 0 0
          0.274 0.01 0
          0.275 0 0
          0.275 0.01 0
          0.276 0 0
          0.276 0.01 0
          0.277 0 0
          0.277 0.01 0
          0.278 0 0
          0.278 0.01 0
          0.279 0 0
          0.279 0.01 0
          0.28 0 0
          0.28 0.01 0
          0.281 0 0
          0.281 0.01 0
          0.28200000000000003 0 0
          0.28200000000000003 0.01 0
          0.28300000000000003 0 0
          0.28300000000000003 0.01 0
          0.28400000000000003 0 0
          0.28400000000000003 0.01 0
          0.28500000000000003 0 0
          0.28500000000000003 0.01 0
          0.28600000000000003 0 0
          0.28600000000000003 0.01 0
          0.28700000000000003 0 0
          0.28700000000000003 0.01 0
          0.28800000000000003 0 0
          0.28800000000000003 0.01 0
          0.289 0 0
          0.289 0.01 0
          0.29 0 0
          0.29 0.01 0
          0.291 0 0
          0.291 0.01 0
          0.292 0 0
          0.292 0.01 0
          0.293 0 0
          0.293 0.01 0
          0.294 0 0
          0.294 0.01 0
          0.295 0 0
          0.295 0.01 0
          0.296 0 0
          0.296 0.01 0
          0.297 0 0
          0.297 0.01 0
          0.298 0 0
          0.298 0.01 0
          0.299 0 0
          0.299 0.01 0
          0.3 0 0
          0.3 0.01 0
          0.301 0 0
          0.301 0.01 0
          0.302 0 0
          0.302 0.01 0
          0.303 0 0
          0.303 0.01 0
          0.304 0 0
          0.304 0.01 0
          0.305 0 0
          0.305 0.01 0
          0.306 0 0
          0.306 0.01 0
          0.307 0 0
          0.307 0.01 0
          0.308 0 0
          0.308 0.01 0
          0.309 0 0
          0.309 0.01 0
          0.31 0 0
          0.31 0.01 0
          0.311 0 0
          0.311 0.01 0
          0.312 0 0
          0.312 0.01 0
          0.313 0 0
          0.313 0.01 0
          0.314 0 0
          0.314 0.01 0
          0.315 0 0
          0.315 0.01 0
          0.316 0 0
          0.316 0.01 0
          0.317 0 0
          0.317 0.01 0
          0.318 0 0
          0.318 0.01 0
          0.319 0 0
          0.319 0.01 0
          0.32 0 0
          0.32 0.01 0
          0.321 0 0
          0.321 0.01 0
          0.322 0 0
          0.322 0.01 0
          0.323 0 0
          0.323 0.01 0
          0.324 0 0
          0.324 0.01 0
          0.325 0 0
          0.325 0.01 0
          0.326 0 0
          0.326 0.01 0
          0.327 0 0
          0.327 0.01 0
          0.328 0 0
          0.328 0.01 0
          0.329 0 0
          0.329 0.01 0
          0.33 0 0
          0.33 0.01 0
          0.331 0 0
          0.331 0.01 0
          0.332 0 0
          0.332 0.01 0
          0.333 0 0
          0.333 0.01 0
          0.334 0 0
          0.334 0.01 0
          0.335 0 0
          0.335 0.01 0
          0.336 0 0
          0.336 0.01 0
          0.337 0 0
          0.337 0.01 0
          0.338 0 0
          0.338 0.01 0
          0.339 0 0
          0.339 0.01 0
          0.34 0 0
          0.34 0.01 0
          0.341 0 0
          0.341 0.01 0
          0.342 0 0
          0.342 0.01 0
          0.343 0 0
          0.343 0.01 0
          0.34400000000000003 0 0
          0.34400000000000003 0.01 0
          0.34500000000000003 0 0
          0.34500000000000003 0.01 0
          0.34600000000000003 0 0
          0.34600000000000003 0.01 0
          0.34700000000000003 0 0
          0.34700000000000003 0.01 0
          0.34800000000000003 0 0
          0.34800000000000003 0.01 0
          0.34900000000000003 0 0
          0.34900000000000003 0.01 0
          0.35000000000000003 0 0
          0.35000000000000003 0.01 0
          0.35100000000000003 0 0
          0.35100000000000003 0.01 0
          0.352 0 0
          0.352 0.01 0
          0.353 0 0
          0.353 0.01 0
          0.354 0 0
          0.354 0.01 0
          0.355 0 0
          0.355 0.01 0
          0.356 0 0
          0.356 0.01 0
          0.357 0 0
          0.357 0.01 0
          0.358 0 0
          0.358 0.01 0
          0.359 0 0
          0.359 0.01 0
          0.36 0 0
          0.36 0.01 0
          0.361 0 0
          0.361 0.01 0
          0.362 0 0
          0.362 0.01 0
          0.363 0 0
          0.363 0.01 0
          0.364 0 0
          0.364 0.01 0
          0.365 0 0
          0.365 0.01 0
          0.366 0 0
          0.366 0.01 0
          0.367 0 0
          0.367 0.01 0
          0.368 0 0
          0.368 0.01 0
          0.369 0 0
          0.369 0.01 0
          0.37 0 0
          0.37 0.01 0
          0.371 0 0
          0.371 0.01 0
          0.372 0 0
          0.372 0.01 0
          0.373 0 0
          0.373 0.01 0
          0.374 0 0
          0.374 0.01 0
          0.375 0 0
          0.375 0.01 0
          0.376 0 0
          0.376 0.01 0
          0.377 0 0
          0.377 0.01 0
          0.378 0 0
          0.378 0.01 0
          0.379 0 0
          0.379 0.01 0
          0.38 0 0
          0.38 0.01 0
          0.381 0 0
          0.381 0.01 0
          0.382 0 0
          0.382 0.01 0
          0.383 0 0
          0.383 0.01 0
          0.384 0 0
          0.384 0.01 0
          0.385 0 0
          0.385 0.01 0
          0.386 0 0
          0.386 0.01 0
          0.387 0 0
          0.387 0.01 0
          0.388 0 0
          0.388 0.01 0
          0.389 0 0
          0.389 0.01 0
          0.39 0 0
          0.39 0.01 0
          0.391 0 0
          0.391 0.01 0
          0.392 0 0
          0.392 0.01 0
          0.393 0 0
          0.393 0.01 0
          0.394 0 0
          0.394 0.01 0
          0.395 0 0
          0.395 0.01 0
          0.396 0 0
          0.396 0.01 0
          0.397 0 0
          0.397 0.01 0
          0.398 0 0
          0.398 0.01 0
          0.399 0 0
          0.399 0.01 0
          0.4 0 0
          0.4 0.01 0
          0.401 0 0
          0.401 0.01 0
          0.402 0 0
          0.402 0.01 0
          0.403 0 0
          0.403 0.01 0
          0.404 0 0
          0.404 0.01 0
          0.405 0 0
          0.405 0.01 0
          0.406 0 0
          0.406 0.01 0
          0.40700000000000003 0 0
          0.40700000000000003 0.01 0
          0.40800000000000003 0 0
          0.40800000000000003 0.01 0
          0.40900000000000003 0 0
          0.40900000000000003 0.01 0
          0.41000000000000003 0 0
          0.41000000000000003 0.01 0
          0.41100000000000003 0 0
          0.41100000000000003 0.01 0
          0.41200000000000003 0 0
          0.41200000000000003 0.01 0
          0.41300000000000003 0 0
          0.41300000000000003 0.01 0
          0.41400000000000003 0 0
          0.41400000000000003 0.01 0
          0.41500000000000004 0 0
          0.41500000000000004 0.01 0
          0.41600000000000004 0 0
          0.41600000000000004 0.01 0
          0.417 0 0
          0.417 0.01 0
          0.418 0 0
          0.418 0.01 0
          0.419 0 0
          0.419 0.01 0
          0.42 0 0
          0.42 0.01 0
          0.421 0 0
          0.421 0.01 0
          0.422 0 0
          0.422 0.01 0
          0.423 0 0
          0.423 0.01 0
          0.424 0 0
          0.424 0.01 0
          0.425 0 0
          0.425 0.01 0
          0.426 0 0
          0.426 0.01 0
          0.427 0 0
          0.427 0.01 0
          0.428 0 0
          0.428 0.01 0
          0.429 0 0
          0.429 0.01 0
          0.43 0 0
          0.43 0.01 0
          0.431 0 0
          0.431 0.01 0
          0.432 0 0
          0.432 0.01 0
          0.433 0 0
          0.433 0.01 0
          0.434 0 0
          0.434 0.01 0
          0.435 0 0
          0.435 0.01 0
          0.436 0 0
          0.436 0.01 0
          0.437 0 0
          0.437 0.01 0
          0.438 0 0
          0.438 0.01 0
          0.439 0 0
          0.439 0.01 0
          0.44 0 0
          0.44 0.01 0
          0.441 0 0
          0.441 0.01 0
          0.442 0 0
          0.442 0.01 0
          0.443 0 0
          0.443 0.01 0
          0.444 0 0
          0.444 0.01 0
          0.445 0 0
          0.445 0.01 0
          0.446 0 0
          0.446 0.01 0
          0.447 0 0
          0.447 0.01 0
          0.448 0 0
          0.448 0.01 0
          0.449 0 0
          0.449 0.01 0
          0.45 0 0
          0.45 0.01 0
          0.451 0 0
          0.451 0.01 0
          0.452 0 0
          0.452 0.01 0
          0.453 0 0
          0.453 0.01 0
          0.454 0 0
          0.454 0.01 0
          0.455 0 0
          0.455 0.01 0
          0.456 0 0
          0.456 0.01 0
          0.457 0 0
          0.457 0.01 0
          0.458 0 0
          0.458 0.01 0
          0.459 0 0
          0.459 0.01 0
          0.46 0 0
          0.46 0.01 0
          0.461 0 0
          0.461 0.01 0
          0.462 0 0
          0.462 0.01 0
          0.463 0 0
          0.463 0.01 0
          0.464 0 0
          0.464 0.01 0
          0.465 0 0
          0.465 0.01 0
          0.466 0 0
          0.466 0.01 0
          0.467 0 0
          0.467 0.01 0
          0.468 0 0
          0.468 0.01 0
          0.46900000000000003 0 0
          0.46900000000000003 0.01 0
          0.47000000000000003 0 0
          0.47000000000000003 0.01 0
          0.47100000000000003 0 0
          0.47100000000000003 0.01 0
          0.47200000000000003 0 0
          0.47200000000000003 0.01 0
          0.47300000000000003 0 0
          0.47300000000000003 0.01 0
          0.47400000000000003 0 0
          0.47400000000000003 0.01 0
          0.47500000000000003 0 0
          0.47500000000000003 0.01 0
          0.47600000000000003 0 0
          0.47600000000000003 0.01 0
          0.47700000000000004 0 0
          0.47700000000000004 0.01 0
          0.47800000000000004 0 0
          0.47800000000000004 0.01 0
          0.47900000000000004 0 0
          0.47900000000000004 0.01 0
          0.48 0 0
          0.48 0.01 0
          0.481 0 0
          0.481 0.01 0
          0.482 0 0
          0.482 0.01 0
          0.483 0 0
          0.483 0.01 0
          0.484 0 0
          0.484 0.01 0
          0.485 0 0
          0.485 0.01 0
          0.486 0 0
          0.486 0.01 0
          0.487 0 0
          0.487 0.01 0
          0.488 0 0
          0.488 0.01 0
          0.489 0 0
          0.489 0.01 0
          0.49 0 0
          0.49 0.01 0
          0.491 0 0
          0.491 0.01 0
          0.492 0 0
          0.492 0.01 0
          0.493 0 0
          0.493 0.01 0
          0.494 0 0
          0.494 0.01 0
          0.495 0 0
          0.495 0.01 0
          0.496 0 0
          0.496 0.01 0
          0.497 0 0
          0.497 0.01 0
          0.498 0 0
          0.498 0.01 0
          0.499 0 0
          0.499 0.01 0
          0.5 0 0
          0.5 0.01 0
          0.501 0 0
          0.501 0.01 0
        </DataArray>
      </Points>
      <Cells>
        <DataArray type="UInt64" Name="connectivity" format="ascii">
          0 1 2 3 1 4 5 2 4 6 7 5 6 8 9 7
          8 10 11 9 10 12 13 11 12 14 15 13 14 16 17 15
          16 18 19 17 18 20 21 19 20 22 23 21 22 24 25 23
          24 26 27 25 26 28 29 27 28 30 31 29 30 32 33 31
          32 34 35 33 34 36 37 35 36 38 39 37 38 40 41 39
          40 42 43 41 42 44 45 43 44 46 47 45 46 48 49 47
          48 50 51 49 50 52 53 51 52 54 55 53 54 56 57 55
          56 58 59 57 58 60 61 59 60 62 63 61 62 64 65 63
          64 66 67 65 66 68 69 67 68 70 71 69 70 72 73 71
          72 74 75 73 74 76 77 75 76 78 79 77 78 80 81 79
          80 82 83 81 82 84 85 83 84 86 87 85 86 88 89 87
          88 90 91 89 90 92 93 91 92 94 95 93 94 96 97 95
          96 98 99 97 98 100 101 99 100 102 103 101 102 104 105 103
          104 106 107 105 106 108 109 107 108 110 111 109 110 112 113 111
          112 114 115 113 114 116 117 115 116 118 119 117 118 120 121 119
          120 122 123 121 122 124 125 123 124 126 127 125 126 128 129 127
          128 130 131 129 130 132 133 131 132 134 135 133 134 136 137 135
          136 138 139 137 138 140 141 139 140 142 143 141 142 144 145 143
          144 146 147 145 146 148 149 147 148 150 151 149 150 152 153 151
          152 154 155 153 154 156 157 155 156 158 159 157 158 160 161 159
          160 162 163 161 162 164 165 163 164 166 167 165 166 168 169 167
          168 170 171 169 170 172 173 171 172 174 175 173 174 176 177 175
          176 178 179 177 178 180 181 179 180 182 183 181 182 184 185 183
          184 186 187 185 186 188 189 187 188 190 191 189 190 192 193 191
          192 194 195 193 194 196 197 195 196 198 199 197 198 200 201 199
          200 202 203 201 202 204 205 203 204 206 207 205 206 208 209 207
          208 210 211 209 210 212 213 211 212 214 215 213 214 216 217 215
          216 218 219 217 218 220 221 219 220 222 223 221 222 224 225 223
          224 226 227 225 226 228 229 227 228 230 231 229 230 232 233 231
          232 234 235 233 234 236 237 235 236 238 239 237 238 240 241 239
          240 242 243 241 242 244 245 243 244 246 247 245 246 248 249 247
          248 250 251 249 250 252 253 251 252 254 255 253 254 256 257 255
          256 258 259 257 258 260 261 259 260 262 263 261 262 264 265 263
          264 266 267 265 266 268 269 267 268 270 271 269 270 272 273 271
          272 274 275 273 274 276 277 275 276 278 279 277 278 280 281 279
          280 282 283 281 282 284 285 283 284 286 287 285 286 288 289 287
          288 290 291 289 290 292 293 291 292 294 295 293 294 296 297 295
          296 298 299 297 298 300 301 299 300 302 303 301 302 304 305 303
          304 306 307 305 306 308 309 307 308 310 311 309 310 312 313 311
          312 314 315 313 314 316 317 315 316 318 319 317 318 320 321 319
          320 322 323 321 322 324 325 323 324 326 327 325 326 328 329 327
          328 330 331 329 330 332 333 331 332 334 335 333 334 336 337 335
          336 338 339 337 338 340 341 339 340 342 343 341 342 344 345 343
          344 346 347 345 346 348 349 347 348 350 351 349 350 352 353 351
          352 354 355 353 354 356 357 355 356 358 359 357 358 360 361 359
          360 362 363 361 362 364 365 363 364 366 367 365 366 368 369 367
          368 370 371 369 370 372 373 371 372 374 375 373 374 376 377 375
          376 378 379 377 378 380 381 379 380 382 383 381 382 384 385 383
          384 386 387 385 386 388 389 387 388 390 391 389 390 392 393 391
          392 394 395 393 394 396 397 395 396 398 399 397 398 400 401 399
          400 402 403 401 402 404 405 403 404 406 407 405 406 408 409 407
          408 410 411 409 410 412 413 411 412 414 415 413 414 416 417 415
          416 418 419 417 418 420 421 419 420 422 423 421 422 424 425 423
          424 426 427 425 426 428 429 427 428 430 431 429 430 432 433 431
          432 434 435 433 434 436 437 435 436 438 439 437 438 440 441 439
          440 442 443 441 442 444 445 443 444 446 447 445 446 448 449 447
          448 450 451 449 450 452 453 451 452 454 455 453 454 456 457 455
          456 458 459 457 458 460 461 459 460 462 463 461 462 464 465 463
          464 466 467 465 466 468 469 467 468 470 471 469 470 472 473 471
          472 474 475 473 474 476 477 475 476 478 479 477 478 480 481 479
          480 482 483 481 482 484 485 483 484 486 487 485 486 488 489 487
          488 490 491 489 490 492 493 491 492 494 495 493 494 496 497 495
          496 498 499 497 498 500 501 499 500 502 503 501 502 504 505 503
          504 506 507 505 506 508 509 507 508 510 511 509 510 512 513 511
          512 514 515 513 514 516 517 515 516 518 519 517 518 520 521 519
          520 522 523 521 522 524 525 523 524 526 527 525 526 528 529 527
          528 530 531 529 530 532 533 531 532 534 535 533 534 536 537 535
          536 538 539 537 538 540 541 539 540 542 543 541 542 544 545 543
          544 546 547 545 546 548 549 547 548 550 551 549 550 552 553 551
          552 554 555 553 554 556 557 555 556 558 559 557 558 560 561 559
          560 562 563 561 562 564 565 563 564 566 567 565 566 568 569 567
          568 570 571 569 570 572 573 571 572 574 575 573 574 576 577 575
          576 578 579 577 578 580 581 579 580 582 583 581 582 584 585 583
          584 586 587 585 586 588 589 587 588 590 591 589 590 592 593 591
          592 594 595 593 594 596 597 595 596 598 599 597 598 600 601 599
          600 602 603 601 602 604 605 603 604 606 607 605 606 608 609 607
          608 610 611 609 610 612 613 611 612 614 615 613 614 616 617 615
          616 618 619 617 618 620 621 619 620 622 623 621 622 624 625 623
          624 626 627 625 626 628 629 627 628 630 631 629 630 632 633 631
          632 634 635 633 634 636 637 635 636 638 639 637 638 640 641 639
          640 642 643 641 642 644 645 643 644 646 647 645 646 648 649 647
          648 650 651 649 650 652 653 651 652 654 655 653 654 656 657 655
          656 658 659 657 658 660 661 659 660 662 663 661 662 664 665 663
          664 666 667 665 666 668 669 667 668 670 671 669 670 672 673 671
          672 674 675 673 674 676 677 675 676 678 679 677 678 680 681 679
          680 682 683 681 682 684 685 683 684 686 687 685 686 688 689 687
          688 690 691 689 690 692 693 691 692 694 695 693 694 696 697 695
          696 698 699 697 698 700 701 699 700 702 703 701 702 704 705 703
          704 706 707 705 706 708 709 707 708 710 711 709 710 712 713 711
          712 714 715 713 714 716 717 715 716 718 719 717 718 720 721 719
          720 722 723 721 722 724 725 723 724 726 727 725 726 728 729 727
          728 730 731 729 730 732 733 731 732 734 735 733 734 736 737 735
          736 738 739 737 738 740 741 739 740 742 743 741 742 744 745 743
          744 746 747 745 746 748 749 747 748 750 751 749 750 752 753 751
          752 754 755 753 754 756 757 755 756 758 759 757 758 760 761 759
          760 762 763 761 762 764 765 763 764 766 767 765 766 768 769 767
          768 770 771 769 770 772 773 771 772 774 775 773 774 776 777 775
          776 778 779 777 778 780 781 779 780 782 783 781 782 784 785 783
          784 786 787 785 786 788 789 787 788 790 791 789 790 792 793 791
          792 794 795 793 794 796 797 795 796 798 799 797 798 800 801 799
          800 802 803 801 802 804 805 803 804 806 807 805 806 808 809 807
          808 810 811 809 810 812 813 811 812 814 815 813 814 816 817 815
          816 818 819 817 818 820 821 819 820 822 823 821 822 824 825 823
          824 826 827 825 826 828 829 827 828 830 831 829 830 832 833 831
          832 834 835 833 834 836 837 835 836 838 839 837 838 840 841 839
          840 842 843 841 842 844 845 843 844 846 847 845 846 848 849 847
          848 850 851 849 850 852 853 851 852 854 855 853 854 856 857 855
          856 858 859 857 858 860 861 859 860 862 863 861 862 864 865 863
          864 866 867 865 866 868 869 867 868 870 871 869 870 872 873 871
          872 874 875 873 874 876 877 875 876 878 879 877 878 880 881 879
          880 882 883 881 882 884 885 883 884 886 887 885 886 888 889 887
          888 890 891 889 890 892 893 891 892 894 895 893 894 896 897 895
          896 898 899 897 898 900 901 899 900 902 903 901 902 904 905 903
          904 906 907 905 906 908 909 907 908 910 911 909 910 912 913 911
          912 914 915 913 914 916 917 915 916 918 919 917 918 920 921 919
          920 922 923 921 922 924 925 923 924 926 927 925 926 928 929 927
          928 930 931 929 930 932 933 931 932 934 935 933 934 936 937 935
          936 938 939 937 938 940 941 939 940 942 943 941 942 944 945 943
          944 946 947 945 946 948 949 947 948 950 951 949 950 952 953 951
          952 954 955 953 954 956 957 955 956 958 959 957 958 960 961 959
          960 962 963 961 962 964 965 963 964 966 967 965 966 968 969 967
          968 970 971 969 970 972 973 971 972 974 975 973 974 976 977 975
          976 978 979 977 978 980 981 979 980 982 983 981 982 984 985 983
          984 986 987 985 986 988 989 987 988 990 991 989 990 992 993 991
          992 994 995 993 994 996 997 995 996 998 999 997 998 1000 1001 999
          1000 1002 1003 1001
        </DataArray>
        <DataArray type="UInt64" Name="offsets" format="ascii">
          4 8 12 16 20 24 28 32 36 40 44 48 52 56 60 64
          68 72 76 80 84 88 92 96 100 104 108 112 116 120 124 128
          132 136 140 144 148 152 156 160 164 168 172 176 180 184 188 192
          196 200 204 208 212 216 220 224 228 232 236 240 244 248 252 256
          260 264 268 272 276 280 284 288 292 296 300 304 308 312 316 320
          324 328 332 336 340 344 348 352 356 360 364 368 372 376 380 384
          388 392 396 400 404 408 412 416 420 424 428 432 436 440 444 448
          452 456 460 464 468 472 476 480 484 488 492 496 500 504 508 512
          516 520 524 528 532 536 540 544 548 552 556 560 564 568 572 576
          580 584 588 592 596 600 604 608 612 616 620 624 628 632 636 640
          644 648 652 656 660 664 668 672 676 680 684 688 692 696 700 704
          708 712 716 720 724 728 732 736 740 744 748 752 756 760 764 768
          772 776 780 784 788 792 796 800 804 808 812 816 820 824 828 832
          836 840 844 848 852 856 860 864 868 872 876 880 884 888 892 896
          900 904 908 912 916 920 924 928 932 936 940 944 948 952 956 960
          964 968 972 976 980 984 988 992 996 1000 1004 1008 1012 1016 1020 1024
          1028 1032 1036 1040 1044 1048 1052 1056 1060 1064 1068 1072 1076 1080 1084 1088
          1092 1096 1100 1104 1108 1112 1116 1120 1124 1128 1132 1136 1140 1144 1148 1152
          1156 1160 1164 1168 1172 1176 1180 1184 1188 1192 1196 1200 1204 1208 1212 1216
          1220 1224 1228 1232 1236 1240 1244 1248 1252 1256 1260 1264 1268 1272 1276 1280
          1284 1288 1292 1296 1300 1304 1308 1312 1316 1320 1324 1328 1332 1336 1340 1344
          1348 1352 1356 1360 1364 1368 1372 1376 1380 1384 1388 1392 1396 1400 1404 1408
          1412 1416 1420 1424 1428 1432 1436 1440 1444 1448 1452 1456 1460 1464 1468 1472
          1476 1480 1484 1488 1492 1496 1500 1504 1508 1512 1516 1520 1524 1528 1532 1536
          1540 1544 1548 1552 1556 1560 1564 1568 1572 1576 1580 1584 1588 1592 1596 1600
          1604 1608 1612 1616 1620 1624 1628 1632 1636 1640 1644 1648 1652 1656 1660 1664
          1668 1672 1676 1680 1684 1688 1692 1696 1700 1704 1708 1712 1716 1720 1724 1728
          1732 1736 1740 1744 1748 1752 1756 1760 1764 1768 1772 1776 1780 1784 1788 1792
          1796 1800 1804 1808 1812 1816 1820 1824 1828 1832 1836 1840 1844 1848 1852 1856
          1860 1864 1868 1872 1876 1880 1884 1888 1892 1896 1900 1904 1908 1912 1916 1920
          1924 1928 1932 1936 1940 1944 1948 1952 1956 1960 1964 1968 1972 1976 1980 1984
          1988 1992 1996 2000 2004
        </DataArray>
        <DataArray type="UInt8" Name="types" format="ascii">
          9 9 9 9 9 9 9 9 9 9 9 9 9 9 9 9 9 9 9 9 9 9 9 9 9 9 9 9 9 9 9 9
          9 9 9 9 9 9 9 9 9 9 9 9 9 9 9 9 9 9 9 9 9 9 9 9 9 9 9 9 9 9 9 9
          9 9 9 9 9 9 9 9 9 9 9 9 9 9 9 9 9 9 9 9 9 9 9 9 9 9 9 9 9 9 9 9
          9 9 9 9 9 9 9 9 9 9 9 9 9 9 9 9 9 9 9 9 9 9 9 9 9 9 9 9 9 9 9 9
          9 9 9 9 9 9 9 9 9 9 9 9 9 9 9 9 9 9 9 9 9 9 9 9 9 9 9 9 9 9 9 9
          9 9 9 9 9 9 9 9 9 9 9 9 9 9 9 9 9 9 9 9 9 9 9 9 9 9 9 9 9 9 9 9
          9 9 9 9 9 9 9 9 9 9 9 9 9 9 9 9 9 9 9 9 9 9 9 9 9 9 9 9 9 9 9 9
          9 9 9 9 9 9 9 9 9 9 9 9 9 9 9 9 9 9 9 9 9 9 9 9 9 9 9 9 9 9 9 9
          9 9 9 9 9 9 9 9 9 9 9 9 9 9 9 9 9 9 9 9 9 9 9 9 9 9 9 9 9 9 9 9
          9 9 9 9 9 9 9 9 9 9 9 9 9 9 9 9 9 9 9 9 9 9 9 9 9 9 9 9 9 9 9 9
          9 9 9 9 9 9 9 9 9 9 9 9 9 9 9 9 9 9 9 9 9 9 9 9 9 9 9 9 9 9 9 9
          9 9 9 9 9 9 9 9 9 9 9 9 9 9 9 9 9 9 9 9 9 9 9 9 9 9 9 9 9 9 9 9
          9 9 9 9 9 9 9 9 9 9 9 9 9 9 9 9 9 9 9 9 9 9 9 9 9 9 9 9 9 9 9 9
          9 9 9 9 9 9 9 9 9 9 9 9 9 9 9 9 9 9 9 9 9 9 9 9 9 9 9 9 9 9 9 9
          9 9 9 9 9 9 9 9 9 9 9 9 9 9 9 9 9 9 9 9 9 9 9 9 9 9 9 9 9 9 9 9
          9 9 9 9 9 9 9 9 9 9 9 9 9 9 9 9 9 9 9 9 9
        </DataArray>
      </Cells>
      <PointData>
      </PointData>
      <CellData>
        <DataArray type="Float64" Name="rho" NumberOfComponents="1" format="ascii">
          1
          1
          1
          1
          1
          1
          1
          1
          1
          1
          1
          1
          1
          1
          1
          1
          1
          1
          1
          1
          1
          1
          1
          1
          1
          1
          1
          1
          1
          1
          1
          1
          1
          1
          1
          1
          1
          1
          1
          1
          1
          1
          1
          1
          1
          1
          1
          1
          1
          1
          1
          1
          1
          1
          1
          1
          1
          1
          1
          1
          1
          1
          1
          1
          1
          1
          1
          1
          1
          1
          1
          1
          1
          1
          1
          1
          1
          1
          1
          1
          1
          1
          1
          1
          1
          1
          1
          1
          1
          1
          1
          1
          1
          1
          1
          1
          1
          1
          1
          1
          1
          1
          1
          1
          1
          1
          1
          1
          1
          1
          1
          1
          1
          1
          1
          1
          1
          1
          1
          1
          1
          1
          1
          1
          1
          1
          1
          1
          1
          1
          1
          1
          1
          1
          1
          1
          1
          1
          1
          1
          1
          1
          1
          1
          1
          1
          1
          1
          1
          1
          1
          1
          1
          1
          1
          1
          1
          1
          1
          1
          1
          1
          1
          1
          1
          1
          1
          1
          1
          1
          1
          1
          1
          1
          1
          1
          1
          1
          1
          1
          1
          1
          1
          1
          1
          1
          1
          1
          1
          1
          1
          1
          1
          1
          1
          1
          1
          1
          1
          1
          1
          1
          1
          1
          1
          1
          1
          1
          1
          1
          1
          1
          1
          1
          1
          1
          1
          1
          1
          1
          1
          1
          1
          1
          1
          1
          1
          1
          1
          1
          1
          1
          1
          1
          1
          1
          1
          1
          1
          1
          1
          1
          1
          1
          1
          1
          1
          1
          1
          1
          1
          1
          1
          1
          1
          1
          1
          1
          1
          1
          1
          1
          1
          1
          1
          1
          1
          1
          1
          1
          1
          1
          1
          1
          1
          1
          0.9999999999999997
          0.999999999999999
          0.9999999999999983
          0.9999999999999976
          0.9999999999999969
          0.9999999999999956
          0.999999999999993
          0.9999999999999882
          0.9999999999999793
          0.9999999999999637
          0.9999999999999352
          0.9999999999998843
          0.9999999999997936
          0.9999999999996333
          0.9999999999993514
          0.999999999998859
          0.9999999999980035
          0.9999999999965268
          0.9999999999939931
          0.9999999999896728
          0.9999999999823502
          0.9999999999700151
          0.9999999999493643
          0.9999999999150048
          0.9999999998581909
          0.9999999997648341
          0.9999999996123892
          0.9999999993650225
          0.9999999989661651
          0.9999999983271234
          0.9999999973097925
          0.999999995700618
          0.9999999931716806
          0.9999999892229922
          0.9999999830976125
          0.9999999736577931
          0.9999999592057301
          0.9999999372263165
          0.9999999040210682
          0.9999998541916699
          0.9999997799177416
          0.9999996699558623
          0.9999995082649219
          0.9999992721359133
          0.9999989296718325
          0.9999984364251393
          0.9999977309563988
          0.9999967290289529
          0.9999953161022398
          0.9999933377332467
          0.9999905874453374
          0.9999867915817209
          0.9999815906341556
          0.9999745165349087
          0.9999649654318903
          0.9999521655448623
          0.9999351398366655
          0.9999126634388743
          0.9998832160551187
          0.9998449299322394
          0.9997955344374408
          0.9997322987976124
          0.9996519751225946
          0.9995507444120639
          0.999424168787376
          0.9992671536348136
          0.999073923626786
          0.9988380166323895
          0.9985522992748216
          0.9982090072942083
          0.9977998129121549
          0.9973159200881273
          0.996748186970566
          0.9960872730845828
          0.9953238070080694
          0.9944485686379296
          0.9934526788109166
          0.9923277881729008
          0.9910662568978399
          0.9896613171944126
          0.9881072114852459
          0.9863993006129261
          0.9845341382733602
          0.9825095099187731
          0.9803244364166902
          0.9779791446189248
          0.975475008542521
          0.972814465998645
          0.9700009161853819
          0.9670386039968405
          0.9639324966453207
          0.9606881577245504
          0.957311623152499
          0.9538092826149053
          0.9501877692691159
          0.9464538596302784
          0.9426143847982814
          0.938676153525725
          0.9346458870900746
          0.9305301655194004
          0.926335384423606
          0.9220677214885983
          0.9177331115830369
          0.9133372293887941
          0.9088854784803901
          0.9043829858304979
          0.8998346007953746
          0.8952448977254225
          0.8906181814439647
          0.8859584949357453
          0.8812696286814584
          0.8765551311629872
          0.8718183201444214
          0.8670622944055157
          0.8622899456669574
          0.8575039705008843
          0.8527068820661158
          0.8479010215462314
          0.8430885692007608
          0.8382715549661216
          0.8334518685643523
          0.8286312690948425
          0.8238113940978423
          0.8189937680890997
          0.8141798105730689
          0.8093708435481833
          0.8045680985220794
          0.7997727230577136
          0.7949857868733105
          0.790208287520233
          0.7854411556633621
          0.7806852599885735
          0.7759414117615153
          0.7712103690612341
          0.7664928407113387
          0.7617894899304006
          0.7571009377222133
          0.7524277660254166
          0.7477705206408533
          0.7431297139539013
          0.7385058274679211
          0.7338993141638956
          0.7293106007003165
          0.7247400894664079
          0.7201881605008651
          0.7156551732874261
          0.7111414684377997
          0.7066473692717273
          0.7021731833032695
          0.6977192036417743
          0.6932857103153975
          0.6888729715245118
          0.6844812448318525
          0.6801107782957984
          0.6757618115527843
          0.6714345768544685
          0.667129300064954
          0.6628462016230537
          0.6585854974743328
          0.6543473999774091
          0.6501321187887915
          0.6459398617303382
          0.6417708356432568
          0.6376252472324171
          0.6335033039046268
          0.6294052146044011
          0.625331190650671
          0.6212814465777854
          0.6172562009840931
          0.613255677391327
          0.6092801051179562
          0.6053297201696177
          0.6014047661496889
          0.5975054951930067
          0.5936321689256794
          0.5897850594538713
          0.5859644503843543
          0.5821706378795191
          0.5784039317494146
          0.5746646565832249
          0.570953152922394
          0.5672697784773699
          0.5636149093896299
          0.559988941540286
          0.5563922919061134
          0.5528253999632954
          0.5492887291385279
          0.5457827683063271
          0.5423080333304572
          0.5388650686462779
          0.5354544488795167
          0.5320767804954398
          0.5287327034706313
          0.5254228929775367
          0.5221480610695785
          0.5189089583519537
          0.5157063756201737
          0.5125411454449501
          0.5094141436781688
          0.5063262908503906
          0.5032785534255713
          0.5002719448735089
          0.49730752651491766
          0.49438640808803214
          0.49150974797934016
          0.4886787530545068
          0.4858946780189375
          0.48315882423090667
          0.48047253788399596
          0.4778372074700265
          0.4752542604291097
          0.47272515889030314
          0.4702513944051604
          0.4678344815777729
          0.46547595049936724
          0.4631773379038266
          0.460940176973358
          0.4587659857416338
          0.4566562540657304
          0.45461242916860584
          0.4526358997910284
          0.45072797903587275
          0.44888988603824953
          0.4471227266513045
          0.48474335365639476
        </DataArray>
        <DataArray type="Float64" Name="rho_u" NumberOfComponents="1" format="ascii">
          0
          0
          0
          0
          0
          0
          0
          0
          0
          0
          0
          0
          0
          0
          0
          0
          0
          0
          0
          0
          0
          0
          0
          0
          0
          0
          0
          0
          0
          0
          0
          0
          0
          0
          0
          0
          0
          0
          0
          0
          0
          0
          0
          0
          0
          0
          0
          0
          0
          0
          0
          0
          0
          0
          0
          0
          0
          0
          0
          0
          0
          0
          0
          0
          0
          0
          0
          0
          0
          0
          0
          0
          0
          0
          0
          0
          0
          0
          0
          0
          0
          0
          0
          0
          0
          0
          0
          0
          0
          0
          0
          0
          0
          0
          0
          0
          0
          0
          0
          0
          0
          0
          0
          0
          0
          0
          0
          0
          0
          0
          0
          0
          0
          0
          0
          0
          0
          0
          0
          0
          0
          0
          0
          0
          0
          0
          0
          0
          0
          0
          0
          0
          0
          0
          0
          0
          0
          0
          0
          0
          0
          0
          0
          0
          0
          0
          0
          0
          0
          0
          0
          0
          0
          0
          0
          0
          0
          0
          0
          0
          0
          0
          0
          0
          0
          0
          0
          0
          0
          0
          0
          0
          0
          0
          0
          0
          0
          0
          0
          0
          0
          0
          0
          0
          0
          0
          0
          0
          0
          0
          0
          0
          0
          0
          0
          0
          0
          0
          0
          0
          0
          0
          0
          0
          0
          0
          0
          0
          0
          0
          0
          0
          0
          0
          0
          0
          0
          0
          0
          0
          0
          0
          0
          0
          0
          0
          0
          0
          0
          0
          0
          0
          0
          0
          0
          0
          0
          0
          0
          0
          0
          0
          0
          0
          0
          0
          0
          0
          0
          0
          0
          0
          0
          0
          0
          0
          0
          0
          0
          0
          0
          0
          0
          0
          0
          0
          0
          0
          0
          0
          0
          0
          0
          0
          0
          0.00000000000000010408340855860841
          0.0000000000000004163336342344337
          0.00000000000000098879238130678
          0.0000000000000016479873021779667
          0.0000000000000023245294578089215
          0.0000000000000032786273695961654
          0.00000000000000485722573273506
          0.00000000000000791033905045424
          0.000000000000013461454173580023
          0.000000000000023783058855642025
          0.000000000000042483377926672006
          0.00000000000007610231889110253
          0.00000000000013640130691605634
          0.0000000000002436766066704621
          0.0000000000004334900494118443
          0.0000000000007670947210769441
          0.0000000000013499965034746708
          0.000000000002362120915533339
          0.0000000000041092997060676595
          0.0000000000071069539142598614
          0.000000000012218889094972596
          0.000000000020883121620851597
          0.000000000035478217585982463
          0.00000000005991266510685378
          0.00000000010056733223962055
          0.00000000016779013942147536
          0.00000000027825146700632963
          0.0000000004586269038153734
          0.0000000007513153293947639
          0.0000000012232498694531024
          0.000000001979374147226265
          0.0000000031830961477741226
          0.000000005087097201816881
          0.000000008079376404013239
          0.000000012751527628945825
          0.00000001999917415701491
          0.000000031168518512675325
          0.0000000482684291147617
          0.00000007427482020053167
          0.00000011356379491303525
          0.00000017252272312140438
          0.0000002604047956607236
          0.00000039051339150233955
          0.0000005818285744689511
          0.0000008612199312724167
          0.0000012664283558123934
          0.0000018500445796675036
          0.0000026847641012087142
          0.000003870255844418136
          0.000005542043609290531
          0.000007882862158095638
          0.000011137009045415064
          0.00001562826267410486
          0.000021781968133210983
          0.000030151894625327774
          0.00004145242928825163
          0.00005659657801505846
          0.00007674007996127247
          0.00010333169503017048
          0.00013816938162406964
          0.00018346163930515677
          0.0002418927495499018
          0.00031669002023818407
          0.0004116904522971296
          0.0005314035421745411
          0.0006810662700902637
          0.000866685774823673
          0.001095064865357636
          0.0013738054556295537
          0.001711285311424577
          0.0021166042285976697
          0.0025994969460921453
          0.0031702117160917025
          0.0038393554328063247
          0.004617708429917183
          0.005516014314055559
          0.006544752294159583
          0.007713901172094716
          0.009032705278142535
          0.010509453017196729
          0.012151278265629482
          0.013963993643233297
          0.015951962788618886
          0.018118016375621455
          0.02046341395854641
          0.02298785107836156
          0.025689508636175563
          0.02856513953485837
          0.031610186130209744
          0.034818921173632444
          0.03818460465503557
          0.041699649198919705
          0.04535578732241645
          0.049144234807634295
          0.05305584554749155
          0.05708125438237541
          0.0612110055636473
          0.06543566549324295
          0.06974591925516108
          0.07413265115516308
          0.078587010017721
          0.08310046036502558
          0.08766482084057586
          0.09227229136247089
          0.0969154705229506
          0.10158736471377991
          0.10628139037204645
          0.11099137062500183
          0.11571152747953313
          0.12043647056232802
          0.12516118327857934
          0.12988100712551823
          0.1345916247755923
          0.1392890424346098
          0.1439695718834247
          0.14862981252770097
          0.1532666337083984
          0.15787715746494418
          0.16245874189250764
          0.1670089651932084
          0.17152561048729922
          0.17600665142327296
          0.18045023860442141
          0.184854686832711
          0.18921846315811974
          0.19354017571210166
          0.19781856329699443
          0.20205248569846598
          0.20624091468504976
          0.21038292565711345
          0.21447768990692492
          0.21852446745159007
          0.22252260040133665
          0.22647150682675266
          0.2303706750900244
          0.2342196586068615
          0.23801807100756037
          0.24176558166749126
          0.245461911579138
          0.24910682953964985
          0.25270014862964996
          0.2562417229607657
          0.2597314446709942
          0.2631692411485806
          0.26655507246656046
          0.2698889290115064
          0.2731708292913143
          0.27640081790807464
          0.27957896368319807
          0.282705357923009
          0.28578011281398485
          0.2888033599377137
          0.29177524889646667
          0.294695946041043
          0.2975656332932473
          0.30038450705600533
          0.3031527772047201
          0.305870666154022
          0.3085384079945682
          0.3111562476950201
          0.31372444036475394
          0.31624325057325786
          0.31871295172254305
          0.32113382546923075
          0.3235061611932969
          0.3258302555107529
          0.3281064118278099
          0.3303349399343342
          0.33251615563463954
          0.3346503804138865
          0.33673794113857103
          0.3387791697897835
          0.34077440322810987
          0.34272398298922085
          0.3446282551093726
          0.3464875699801958
          0.3483022822323107
          0.3500727506474495
          0.35179933809890807
          0.35348241152027965
          0.3551223419025527
          0.35671950431976707
          0.35827427798353406
          0.35978704632682446
          0.36125819711751156
          0.36268812260223476
          0.3640772196812021
          0.36542589011459015
          0.36673454076121564
          0.36800358385014165
          0.3692334372858396
          0.37042452498744793
          0.3715772772625481
          0.3726921312157029
          0.37376953119177364
          0.37480992925373224
          0.3758137856943128
          0.37678156958038556
          0.37771375932838275
          0.37861084330844225
          0.3794733204741617
          0.3803017010139551
          0.3810965070189721
          0.3818582731613802
          0.3825875473755079
          0.3832848915329208
          0.38395088210095607
          0.38458611077259236
          0.3851911850538181
          0.38576672879291496
          0.38631338263434944
          0.3868318043783399
          0.3873226692257129
          0.3877866698864911
          0.3882245165298719
          0.38863693655299925
          0.3890246741463288
          0.3893884896345827
          0.38972915857442136
          0.3900474705931377
          0.39034422795699386
          0.39062024386332134
          0.3908763404571579
          0.39111334658092667
          0.39133209527426727
          0.45835769247477065
        </DataArray>
        <DataArray type="Float64" Name="rho_v" NumberOfComponents="1" format="ascii">
          0
          0
          0
          0
          0
          0
          0
          0
          0
          0
          0
          0
          0
          0
          0
          0
          0
          0
          0
          0
          0
          0
          0
          0
          0
          0
          0
          0
          0
          0
          0
          0
          0
          0
          0
          0
          0
          0
          0
          0
          0
          0
          0
          0
          0
          0
          0
          0
          0
          0
          0
          0
          0
          0
          0
          0
          0
          0
          0
          0
          0
          0
          0
          0
          0
          0
          0
          0
          0
          0
          0
          0
          0
          0
          0
          0
          0
          0
          0
          0
          0
          0
          0
          0
          0
          0
          0
          0
          0
          0
          0
          0
          0
          0
          0
          0
          0
          0
          0
          0
          0
          0
          0
          0
          0
          0
          0
          0
          0
          0
          0
          0
          0
          0
          0
          0
          0
          0
          0
          0
          0
          0
          0
          0
          0
          0
          0
          0
          0
          0
          0
          0
          0
          0
          0
          0
          0
          0
          0
          0
          0
          0
          0
          0
          0
          0
          0
          0
          0
          0
          0
          0
          0
          0
          0
          0
          0
          0
          0
          0
          0
          0
          0
          0
          0
          0
          0
          0
          0
          0
          0
          0
          0
          0
          0
          0
          0
          0
          0
          0
          0
          0
          0
          0
          0
          0
          0
          0
          0
          0
          0
          0
          0
          0
          0
          0
          0
          0
          0
          0
          0
          0
          0
          0
          0
          0
          0
          0
          0
          0
          0
          0
          0
          0
          0
          0
          0
          0
          0
          0
          0
          0
          0
          0
          0
          0
          0
          0
          0
          0
          0
          0
          0
          0
          0
          0
          0
          0
          0
          0
          0
          0
          0
          0
          0
          0
          0
          0
          0
          0
          0
          0
          0
          0
          0
          0
          0
          0
          0
          0
          0
          0
          0
          0
          0
          0
          0
          0
          0
          0
          0
          0
          0
          0
          0
          0
          0
          0
          0
          0
          0
          0
          0
          0
          0
          0
          0
          0
          0
          0
          0
          0
          0
          0
          0
          0
          0
          0
          0
          0
          0
          0
          0
          0
          0
          0
          0
          0
          0
          0
          0
          0
          0
          0
          0
          0
          0
          0
          0
          0
          0
          0
          0
          0
          0
          0
          0
          0
          0
          0
          0
          0
          0
          0
          0
          0
          0
          0
          0
          0
          0
          0
          0
          0
          0
          0
          0
          0
          0
          0
          0
          0
          0
          0
          0
          0
          0
          0
          0
          0
          0
          0
          0
          0
          0
          0
          0
          0
          0
          0
          0
          0
          0
          0
          0
          0
          0
          0
          0
          0
          0
          0
          0
          0
          0
          0
          0
          0
          0
          0
          0
          0
          0
          0
          0
          0
          0
          0
          0
          0
          0
          0
          0
          0
          0
          0
          0
          0
          0
          0
          0
          0
          0
          0
          0
          0
          0
          0
          0
          0
          0
          0
          0
          0
          0
          0
          0
          0
          0
          0
          0
          0
          0
          0
          0
          0
          0
          0
          0
          0
          0
          0
          0
          0
          0
          0
          0
          0
          0
          0
          0
          0
          0
          0
          0
          0
          0
          0
          0
          0
          0
          0
          0
          0
          0
          0
          0
          0
          0
          0
          0
          0
          0
          0
          0
          0
          0
          0
          0
          0
          0
          0
          0
          0
          0
          0
          0
          0
          0
          0
          0
          0
          0
          0
          0
          0
          0
          0
          0
          0
          0
        </DataArray>
        <DataArray type="Float64" Name="energy" NumberOfComponents="1" format="ascii">
          2.5000000000000004
          2.5000000000000004
          2.5000000000000004
          2.5000000000000004
          2.5000000000000004
          2.5000000000000004
          2.5000000000000004
          2.5000000000000004
          2.5000000000000004
          2.5000000000000004
          2.5000000000000004
          2.5000000000000004
          2.5000000000000004
          2.5000000000000004
          2.5000000000000004
          2.5000000000000004
          2.5000000000000004
          2.5000000000000004
          2.5000000000000004
          2.5000000000000004
          2.5000000000000004
          2.5000000000000004
          2.5000000000000004
          2.5000000000000004
          2.5000000000000004
          2.5000000000000004
          2.5000000000000004
          2.5000000000000004
          2.5000000000000004
          2.5000000000000004
          2.5000000000000004
          2.5000000000000004
          2.5000000000000004
          2.5000000000000004
          2.5000000000000004
          2.5000000000000004
          2.5000000000000004
          2.5000000000000004
          2.5000000000000004
          2.5000000000000004
          2.5000000000000004
          2.5000000000000004
          2.5000000000000004
          2.5000000000000004
          2.5000000000000004
          2.5000000000000004
          2.5000000000000004
          2.5000000000000004
          2.5000000000000004
          2.5000000000000004
          2.5000000000000004
          2.5000000000000004
          2.5000000000000004
          2.5000000000000004
          2.5000000000000004
          2.5000000000000004
          2.5000000000000004
          2.5000000000000004
          2.5000000000000004
          2.5000000000000004
          2.5000000000000004
          2.5000000000000004
          2.5000000000000004
          2.5000000000000004
          2.5000000000000004
          2.5000000000000004
          2.5000000000000004
          2.5000000000000004
          2.5000000000000004
          2.5000000000000004
          2.5000000000000004
          2.5000000000000004
          2.5000000000000004
          2.5000000000000004
          2.5000000000000004
          2.5000000000000004
          2.5000000000000004
          2.5000000000000004
          2.5000000000000004
          2.5000000000000004
          2.5000000000000004
          2.5000000000000004
          2.5000000000000004
          2.5000000000000004
          2.5000000000000004
          2.5000000000000004
          2.5000000000000004
          2.5000000000000004
          2.5000000000000004
          2.5000000000000004
          2.5000000000000004
          2.5000000000000004
          2.5000000000000004
          2.5000000000000004
          2.5000000000000004
          2.5000000000000004
          2.5000000000000004
          2.5000000000000004
          2.5000000000000004
          2.5000000000000004
          2.5000000000000004
          2.5000000000000004
          2.5000000000000004
          2.5000000000000004
          2.5000000000000004
          2.5000000000000004
          2.5000000000000004
          2.5000000000000004
          2.5000000000000004
          2.5000000000000004
          2.5000000000000004
          2.5000000000000004
          2.5000000000000004
          2.5000000000000004
          2.5000000000000004
          2.5000000000000004
          2.5000000000000004
          2.5000000000000004
          2.5000000000000004
          2.5000000000000004
          2.5000000000000004
          2.5000000000000004
          2.5000000000000004
          2.5000000000000004
          2.5000000000000004
          2.5000000000000004
          2.5000000000000004
          2.5000000000000004
          2.5000000000000004
          2.5000000000000004
          2.5000000000000004
          2.5000000000000004
          2.5000000000000004
          2.5000000000000004
          2.5000000000000004
          2.5000000000000004
          2.5000000000000004
          2.5000000000000004
          2.5000000000000004
          2.5000000000000004
          2.5000000000000004
          2.5000000000000004
          2.5000000000000004
          2.5000000000000004
          2.5000000000000004
          2.5000000000000004
          2.5000000000000004
          2.5000000000000004
          2.5000000000000004
          2.5000000000000004
          2.5000000000000004
          2.5000000000000004
          2.5000000000000004
          2.5000000000000004
          2.5000000000000004
          2.5000000000000004
          2.5000000000000004
          2.5000000000000004
          2.5000000000000004
          2.5000000000000004
          2.5000000000000004
          2.5000000000000004
          2.5000000000000004
          2.5000000000000004
          2.5000000000000004
          2.5000000000000004
          2.5000000000000004
          2.5000000000000004
          2.5000000000000004
          2.5000000000000004
          2.5000000000000004
          2.5000000000000004
          2.5000000000000004
          2.5000000000000004
          2.5000000000000004
          2.5000000000000004
          2.5000000000000004
          2.5000000000000004
          2.5000000000000004
          2.5000000000000004
          2.5000000000000004
          2.5000000000000004
          2.5000000000000004
          2.5000000000000004
          2.5000000000000004
          2.5000000000000004
          2.5000000000000004
          2.5000000000000004
          2.5000000000000004
          2.5000000000000004
          2.5000000000000004
          2.5000000000000004
          2.5000000000000004
          2.5000000000000004
          2.5000000000000004
          2.5000000000000004
          2.5000000000000004
          2.5000000000000004
          2.5000000000000004
          2.5000000000000004
          2.5000000000000004
          2.5000000000000004
          2.5000000000000004
          2.5000000000000004
          2.5000000000000004
          2.5000000000000004
          2.5000000000000004
          2.5000000000000004
          2.5000000000000004
          2.5000000000000004
          2.5000000000000004
          2.5000000000000004
          2.5000000000000004
          2.5000000000000004
          2.5000000000000004
          2.5000000000000004
          2.5000000000000004
          2.5000000000000004
          2.5000000000000004
          2.5000000000000004
          2.5000000000000004
          2.5000000000000004
          2.5000000000000004
          2.5000000000000004
          2.5000000000000004
          2.5000000000000004
          2.5000000000000004
          2.5000000000000004
          2.5000000000000004
          2.5000000000000004
          2.5000000000000004
          2.5000000000000004
          2.5000000000000004
          2.5000000000000004
          2.5000000000000004
          2.5000000000000004
          2.5000000000000004
          2.5000000000000004
          2.5000000000000004
          2.5000000000000004
          2.5000000000000004
          2.5000000000000004
          2.5000000000000004
          2.5000000000000004
          2.5000000000000004
          2.5000000000000004
          2.5000000000000004
          2.5000000000000004
          2.5000000000000004
          2.5000000000000004
          2.5000000000000004
          2.5000000000000004
          2.5000000000000004
          2.5000000000000004
          2.5000000000000004
          2.5000000000000004
          2.5000000000000004
          2.5000000000000004
          2.5000000000000004
          2.5000000000000004
          2.5000000000000004
          2.5000000000000004
          2.5000000000000004
          2.5000000000000004
          2.5000000000000004
          2.5000000000000004
          2.5000000000000004
          2.5000000000000004
          2.5000000000000004
          2.5000000000000004
          2.5000000000000004
          2.5000000000000004
          2.5000000000000004
          2.5000000000000004
          2.5000000000000004
          2.5000000000000004
          2.4999999999999996
          2.4999999999999973
          2.4999999999999947
          2.499999999999992
          2.4999999999999893
          2.4999999999999845
          2.4999999999999756
          2.4999999999999587
          2.4999999999999285
          2.4999999999998734
          2.4999999999997735
          2.4999999999995954
          2.4999999999992784
          2.499999999998717
          2.4999999999977303
          2.499999999996006
          2.4999999999930114
          2.4999999999878435
          2.4999999999789755
          2.4999999999638542
          2.499999999938225
          2.499999999895053
          2.4999999998227747
          2.4999999997025166
          2.4999999995036686
          2.4999999991769197
          2.4999999986433625
          2.4999999977775786
          2.499999996381577
          2.4999999941449316
          2.4999999905842736
          2.499999984952163
          2.4999999761008813
          2.499999962280471
          2.499999940841643
          2.4999999078022768
          2.499999857220059
          2.4999997802921143
          2.499999664073755
          2.4999994896708833
          2.4999992297121856
          2.4999988448457207
          2.4999982789276727
          2.4999974524766655
          2.4999962538534954
          2.499994527492402
          2.499992058356636
          2.4999885516204223
          2.499983606396746
          2.4999766821446174
          2.4999670562139715
          2.4999537708400537
          2.4999355678067645
          2.4999108089910203
          2.4998773811143966
          2.4998325833051185
          2.499772996555556
          2.499694334888113
          2.4995912790481594
          2.499457294843881
          2.499284439843619
          2.4990631639834002
          2.4987821116526496
          2.498427934890142
          2.497985129262895
          2.4974359056024142
          2.4967601117894267
          2.4959352189549926
          2.4949363855697726
          2.4937366107508216
          2.492306984652592
          2.490617039087148
          2.488635195758433
          2.486329303080595
          2.4836672460068803
          2.4806176072427437
          2.4771503532952335
          2.473237515595519
          2.468853835846046
          2.463977345989862
          2.4585898567177193
          2.452677333899086
          2.4462301492089638
          2.4392431988441237
          2.4317158918545325
          2.4236520165833153
          2.4150594994684083
          2.4059500746535547
          2.396338885332908
          2.3862440385531825
          2.375686134517105
          2.3646877895745515
          2.3532731694064424
          2.3414675457564105
          2.329296886765327
          2.316787487773064
          2.3039656465585177
          2.290857384510992
          2.2774882132190104
          2.263882944432467
          2.2500655402701892
          2.2360589998544955
          2.2218852781921754
          2.2075652330198032
          2.1931185954257
          2.1785639602935882
          2.163918792935146
          2.1491994486509967
          2.1344212023517386
          2.11959828576023
          2.104743930088018
          2.089870412422684
          2.074989104373427
          2.0601105217970574
          2.0452443746657027
          2.0303996163425233
          2.0155844917049706
          2.0008065836997915
          1.9860728580332037
          1.9713897057967937
          1.9567629839077558
          1.9421980533040433
          1.9276998148833429
          1.9132727432119032
          1.8989209180570552
          1.884648053817551
          1.8704575269400092
          1.8563524014190835
          1.8423354524844318
          1.8284091885800569
          1.8145758717417657
          1.8008375364769482
          1.7871960072480622
          1.7736529146574742
          1.7602097104269667
          1.7468676812604849
          1.7336279616737515
          1.7204915458693661
          1.7074592987310084
          1.6945319660054876
          1.681710183736669
          1.6689944870107678
          1.65638531806823
          1.643883033833351
          1.631487912908978
          1.6192001620800933
          1.6070199223667507
          1.5949472746637725
          1.582982245001765
          1.5711248094613888
          1.5593748987703953
          1.5477324026107349
          1.5361971736609845
          1.5247690313974982
          1.513447765675961
          1.502233140113487
          1.4911248952899718
          1.480122751786133
          1.4692264130744894
          1.4584355682784778
          1.4477498948139391
          1.4371690609263426
          1.4266927281363215
          1.416320553605401
          1.4060521924331484
          1.3958872998964116
          1.385825533640794
          1.3758665558340406
          1.3660100352906017
          1.35625564957625
          1.3466030871012795
          1.3370520492104887
          1.3276022522778481
          1.3182534298134525
          1.309005334590074
          1.2998577407963323
          1.2908104462231897
          1.281863274490145
          1.273016077317129
          1.2642687368476835
          1.2556211680285219
          1.247073321050007
          1.238625183851405
          1.2302767846940135
          1.222028194804298
          1.2138795310881072
          1.205830958915708
          1.1978826949758659
          1.1900350101953812
          1.1822882327183872
          1.1746427509372455
          1.1670990165640087
          1.1596575477281015
          1.1523189320820615
          1.1450838298927903
          1.1379529770907915
          1.1309271882442082
          1.1240073594181157
          1.1171944708723907
          1.1104895895435691
          1.1038938712473874
          1.0974085625291694
          1.0910350020789472
          1.084774621617201
          1.0786289461455576
          1.0725995934448116
          1.0666882726905147
          1.0608967820444493
          1.0552270050689634
          1.0496809058009684
          1.0442605223140387
          1.0389679585912868
          1.03380537452948
          1.0287749738972392
          1.023878990078333
          1.0191196694462907
          1.0144992522401555
          1.010019950844469
          1.005683925420752
          1.0014932568938206
          0.9974499173649372
          0.9935557381052397
          0.9898123753766624
          0.9862212744324108
          1.0980062428583595
        </DataArray>
        <DataArray type="Float64" Name="u" NumberOfComponents="1" format="ascii">
          0
          0
          0
          0
          0
          0
          0
          0
          0
          0
          0
          0
          0
          0
          0
          0
          0
          0
          0
          0
          0
          0
          0
          0
          0
          0
          0
          0
          0
          0
          0
          0
          0
          0
          0
          0
          0
          0
          0
          0
          0
          0
          0
          0
          0
          0
          0
          0
          0
          0
          0
          0
          0
          0
          0
          0
          0
          0
          0
          0
          0
          0
          0
          0
          0
          0
          0
          0
          0
          0
          0
          0
          0
          0
          0
          0
          0
          0
          0
          0
          0
          0
          0
          0
          0
          0
          0
          0
          0
          0
          0
          0
          0
          0
          0
          0
          0
          0
          0
          0
          0
          0
          0
          0
          0
          0
          0
          0
          0
          0
          0
          0
          0
          0
          0
          0
          0
          0
          0
          0
          0
          0
          0
          0
          0
          0
          0
          0
          0
          0
          0
          0
          0
          0
          0
          0
          0
          0
          0
          0
          0
          0
          0
          0
          0
          0
          0
          0
          0
          0
          0
          0
          0
          0
          0
          0
          0
          0
          0
          0
          0
          0
          0
          0
          0
          0
          0
          0
          0
          0
          0
          0
          0
          0
          0
          0
          0
          0
          0
          0
          0
          0
          0
          0
          0
          0
          0
          0
          0
          0
          0
          0
          0
          0
          0
          0
          0
          0
          0
          0
          0
          0
          0
          0
          0
          0
          0
          0
          0
          0
          0
          0
          0
          0
          0
          0
          0
          0
          0
          0
          0
          0
          0
          0
          0
          0
          0
          0
          0
          0
          0
          0
          0
          0
          0
          0
          0
          0
          0
          0
          0
          0
          0
          0
          0
          0
          0
          0
          0
          0
          0
          0
          0
          0
          0
          0
          0
          0
          0
          0
          0
          0
          0
          0
          0
          0
          0
          0
          0
          0
          0
          0
          0
          0
          0
          0.00000000000000010408340855860841
          0.00000000000000041633363423443385
          0.000000000000000988792381306781
          0.0000000000000016479873021779695
          0.000000000000002324529457808927
          0.0000000000000032786273695961757
          0.000000000000004857225732735081
          0.000000000000007910339050454296
          0.000000000000013461454173580181
          0.000000000000023783058855642518
          0.000000000000042483377926673546
          0.00000000000007610231889110746
          0.00000000000013640130691607212
          0.0000000000002436766066705124
          0.0000000000004334900494120033
          0.0000000000007670947210774416
          0.000000000001349996503476211
          0.000000000002362120915538055
          0.000000000004109299706081932
          0.000000000007106953914302552
          0.000000000012218889095098783
          0.00000000002088312162122018
          0.000000000035478217587046276
          0.0000000000599126651098875
          0.0000000001005673322481683
          0.00000000016779013944526952
          0.0000000002782514670717649
          0.0000000004586269039931422
          0.0000000007513153298718322
          0.0000000012232498707177408
          0.0000000019793741505375136
          0.000000003183096156337312
          0.000000005087097223688256
          0.000000008079376459181802
          0.00000001275152776636914
          0.000000019999174495048706
          0.00000003116851933372291
          0.000000048268431083837105
          0.00000007427482486303601
          0.00000011356380581276803
          0.0000001725227482766582
          0.00000026040485297121174
          0.00000039051352038903766
          0.0000005818288605746113
          0.0000008612205581239317
          0.0000012664297113077857
          0.0000018500474723552224
          0.0000026847701930693414
          0.000003870268503954357
          0.000005542069567777767
          0.000007882914676176004
          0.000011137113874108187
          0.000015628469101461814
          0.000021782369132813308
          0.000030152663019663245
          0.000041453881607090205
          0.000056599285411037284
          0.0000767450576582473
          0.00010334072045331912
          0.0001381855194741593
          0.00018349009312633127
          0.00024194221840169412
          0.0003167748212387158
          0.00041183378069816845
          0.0005316423854870048
          0.000681458675265595
          0.0008673213881504275
          0.0010960799190738446
          0.0013754036517966922
          0.0017137663321864698
          0.0021204018528494704
          0.0026052289371605664
          0.003178743718250851
          0.0038518810297266193
          0.004635847234166067
          0.005541929445691274
          0.0065812878619995
          0.007764739414994218
          0.009102541907824412
          0.01060418810957465
          0.012278218876006084
          0.014132063283136764
          0.016171912103654876
          0.018402628889432077
          0.020827700650183203
          0.023449227851941964
          0.026267951395002015
          0.029283312524365113
          0.03249354037695177
          0.035895761120062715
          0.03948612237113993
          0.04325992675217703
          0.04721176893638873
          0.051335671289353665
          0.05562521409105695
          0.06007365725858826
          0.0646740513980879
          0.06941933684498791
          0.07430243006940268
          0.07931629741181187
          0.08445401657006525
          0.08970882658955451
          0.09507416732802296
          0.10054370949230163
          0.10611137639468228
          0.1117713585694303
          0.11751812234110962
          0.12334641335962768
          0.1292512560233799
          0.13522794961030735
          0.14127206183361526
          0.1473794204389457
          0.15354610336604857
          0.15976842791229234
          0.1660429392586315
          0.1723663986511404
          0.1787357714727227
          0.18514821538956802
          0.19160106871465735
          0.19809183909530545
          0.2046181926025527
          0.2111779432763767
          0.21776904316142534
          0.22438957285258937
          0.2310377325576113
          0.23771183367452506
          0.24441029087455377
          0.2511316146757727
          0.2578744044889949
          0.26463734211469647
          0.2714191856680993
          0.2782187639085837
          0.28503497094923197
          0.291866761322385
          0.2987131453775007
          0.3055731849882583
          0.3124459895466744
          0.3193307122229415
          0.32622654647070326
          0.33313272275852845
          0.3400485055093972
          0.3469731902310496
          0.35390610082105967
          0.3608465870314702
          0.3677940220787461
          0.3747478003856774
          0.38170733544268204
          0.3886720577767153
          0.39564141301669725
          0.4026148600450157
          0.40959186922524665
          0.4165719206967759
          0.42355450272748085
          0.4305391101160662
          0.43752524263602843
          0.4445124035135597
          0.45150009793199497
          0.45848783155565404
          0.465475109066141
          0.47246143270433444
          0.4794463008114422
          0.48642920636258524
          0.4934096354864638
          0.500387065964681
          0.5073609657043231
          0.5143307911773831
          0.5212959858205719
          0.5282559783890092
          0.5352101812572122
          0.5421579886607094
          0.5490987748715025
          0.556031892300498
          0.5629566695199146
          0.5698724091985617
          0.5767783859427946
          0.5836738440358592
          0.5905579950682904
          0.5974300154520035
          0.6042890438107484
          0.6111341782396821
          0.6179644734269867
          0.6247789376307266
          0.631576529504518
          0.6383561547661292
          0.6451166627038158
          0.651856842516135
          0.6585754194821274
          0.6652710509602165
          0.6719423222159727
          0.678587742081072
          0.6852057384484352
          0.6917946536116981
          0.6983527394609408
          0.7048781525510541
          0.7113689490643365
          0.7178230796949895
          0.7242383844902026
          0.7306125876905804
          0.7369432926218631
          0.7432279767003017
          0.749463986625748
          0.7556485338495496
          0.7617786904187288
          0.7678513853136418
          0.773863401413299
          0.779811373240621
          0.7856917856588918
          0.7915009737101985
          0.7972351238062687
          0.8028902765012003
          0.8084623310933398
          0.8139470523190415
          0.8193400794130188
          0.8246369378170962
          0.8298330538197692
          0.8349237724012716
          0.8399043785408716
          0.8447701222128204
          0.8495162472527065
          0.8541380242150256
          0.8586307872638996
          0.8629899750410025
          0.8672111753374171
          0.8712901732599968
          0.8752230024296073
          0.945567771104857
        </DataArray>
        <DataArray type="Float64" Name="v" NumberOfComponents="1" format="ascii">
          0
          0
          0
          0
          0
          0
          0
          0
          0
          0
          0
          0
          0
          0
          0
          0
          0
          0
          0
          0
          0
          0
          0
          0
          0
          0
          0
          0
          0
          0
          0
          0
          0
          0
          0
          0
          0
          0
          0
          0
          0
          0
          0
          0
          0
          0
          0
          0
          0
          0
          0
          0
          0
          0
          0
          0
          0
          0
          0
          0
          0
          0
          0
          0
          0
          0
          0
          0
          0
          0
          0
          0
          0
          0
          0
          0
          0
          0
          0
          0
          0
          0
          0
          0
          0
          0
          0
          0
          0
          0
          0
          0
          0
          0
          0
          0
          0
          0
          0
          0
          0
          0
          0
          0
          0
          0
          0
          0
          0
          0
          0
          0
          0
          0
          0
          0
          0
          0
          0
          0
          0
          0
          0
          0
          0
          0
          0
          0
          0
          0
          0
          0
          0
          0
          0
          0
          0
          0
          0
          0
          0
          0
          0
          0
          0
          0
          0
          0
          0
          0
          0
          0
          0
          0
          0
          0
          0
          0
          0
          0
          0
          0
          0
          0
          0
          0
          0
          0
          0
          0
          0
          0
          0
          0
          0
          0
          0
          0
          0
          0
          0
          0
          0
          0
          0
          0
          0
          0
          0
          0
          0
          0
          0
          0
          0
          0
          0
          0
          0
          0
          0
          0
          0
          0
          0
          0
          0
          0
          0
          0
          0
          0
          0
          0
          0
          0
          0
          0
          0
          0
          0
          0
          0
          0
          0
          0
          0
          0
          0
          0
          0
          0
          0
          0
          0
          0
          0
          0
          0
          0
          0
          0
          0
          0
          0
          0
          0
          0
          0
          0
          0
          0
          0
          0
          0
          0
          0
          0
          0
          0
          0
          0
          0
          0
          0
          0
          0
          0
          0
          0
          0
          0
          0
          0
          0
          0
          0
          0
          0
          0
          0
          0
          0
          0
          0
          0
          0
          0
          0
          0
          0
          0
          0
          0
          0
          0
          0
          0
          0
          0
          0
          0
          0
          0
          0
          0
          0
          0
          0
          0
          0
          0
          0
          0
          0
          0
          0
          0
          0
          0
          0
          0
          0
          0
          0
          0
          0
          0
          0
          0
          0
          0
          0
          0
          0
          0
          0
          0
          0
          0
          0
          0
          0
          0
          0
          0
          0
          0
          0
          0
          0
          0
          0
          0
          0
          0
          0
          0
          0
          0
          0
          0
          0
          0
          0
          0
          0
          0
          0
          0
          0
          0
          0
          0
          0
          0
          0
          0
          0
          0
          0
          0
          0
          0
          0
          0
          0
          0
          0
          0
          0
          0
          0
          0
          0
          0
          0
          0
          0
          0
          0
          0
          0
          0
          0
          0
          0
          0
          0
          0
          0
          0
          0
          0
          0
          0
          0
          0
          0
          0
          0
          0
          0
          0
          0
          0
          0
          0
          0
          0
          0
          0
          0
          0
          0
          0
          0
          0
          0
          0
          0
          0
          0
          0
          0
          0
          0
          0
          0
          0
          0
          0
          0
          0
          0
          0
          0
          0
          0
          0
          0
          0
          0
          0
          0
          0
          0
          0
          0
          0
          0
          0
          0
          0
          0
          0
          0
          0
          0
          0
          0
          0
          0
          0
          0
          0
          0
          0
          0
          0
          0
          0
          0
          0
          0
          0
          0
          0
          0
          0
          0
        </DataArray>
        <DataArray type="Float64" Name="pressure" NumberOfComponents="1" format="ascii">
          1
          1
          1
          1
          1
          1
          1
          1
          1
          1
          1
          1
          1
          1
          1
          1
          1
          1
          1
          1
          1
          1
          1
          1
          1
          1
          1
          1
          1
          1
          1
          1
          1
          1
          1
          1
          1
          1
          1
          1
          1
          1
          1
          1
          1
          1
          1
          1
          1
          1
          1
          1
          1
          1
          1
          1
          1
          1
          1
          1
          1
          1
          1
          1
          1
          1
          1
          1
          1
          1
          1
          1
          1
          1
          1
          1
          1
          1
          1
          1
          1
          1
          1
          1
          1
          1
          1
          1
          1
          1
          1
          1
          1
          1
          1
          1
          1
          1
          1
          1
          1
          1
          1
          1
          1
          1
          1
          1
          1
          1
          1
          1
          1
          1
          1
          1
          1
          1
          1
          1
          1
          1
          1
          1
          1
          1
          1
          1
          1
          1
          1
          1
          1
          1
          1
          1
          1
          1
          1
          1
          1
          1
          1
          1
          1
          1
          1
          1
          1
          1
          1
          1
          1
          1
          1
          1
          1
          1
          1
          1
          1
          1
          1
          1
          1
          1
          1
          1
          1
          1
          1
          1
          1
          1
          1
          1
          1
          1
          1
          1
          1
          1
          1
          1
          1
          1
          1
          1
          1
          1
          1
          1
          1
          1
          1
          1
          1
          1
          1
          1
          1
          1
          1
          1
          1
          1
          1
          1
          1
          1
          1
          1
          1
          1
          1
          1
          1
          1
          1
          1
          1
          1
          1
          1
          1
          1
          1
          1
          1
          1
          1
          1
          1
          1
          1
          1
          1
          1
          1
          1
          1
          1
          1
          1
          1
          1
          1
          1
          1
          1
          1
          1
          1
          1
          1
          1
          1
          1
          1
          1
          1
          1
          1
          1
          1
          1
          1
          1
          1
          1
          1
          1
          1
          1
          1
          1
          0.9999999999999996
          0.9999999999999987
          0.9999999999999977
          0.9999999999999966
          0.9999999999999956
          0.9999999999999936
          0.99999999999999
          0.9999999999999832
          0.9999999999999711
          0.9999999999999492
          0.9999999999999092
          0.9999999999998379
          0.9999999999997111
          0.9999999999994866
          0.9999999999990918
          0.9999999999984022
          0.9999999999972043
          0.9999999999951372
          0.99999999999159
          0.9999999999855415
          0.9999999999752898
          0.9999999999580209
          0.9999999999291096
          0.9999999998810064
          0.9999999998014673
          0.9999999996707677
          0.9999999994573447
          0.9999999991110312
          0.9999999985526307
          0.9999999976579724
          0.9999999962337092
          0.9999999939808649
          0.9999999904403523
          0.9999999849121882
          0.999999976336657
          0.9999999631209103
          0.9999999428880227
          0.9999999121168445
          0.999999865629499
          0.9999997958683471
          0.9999996918848605
          0.9999995379382575
          0.9999993115710012
          0.9999989809905176
          0.9999985015410772
          0.9999978109962759
          0.9999968233412128
          0.9999954206451729
          0.9999934425525554
          0.9999906728454189
          0.9999868224607815
          0.9999815082871721
          0.9999742270278129
          0.9999643234145759
          0.9999509521020856
          0.999933032681382
          0.9999091974443377
          0.9998777318195706
          0.9998365078006619
          0.9997829112048735
          0.9997137642326338
          0.999625245529475
          0.9995128107514526
          0.9993711174527273
          0.9991939588814542
          0.9989742119019436
          0.9987038046600487
          0.9983737096745887
          0.9979739676792785
          0.9974937466900229
          0.9969214394041033
          0.9962448001767434
          0.9954511205553014
          0.9945274398340671
          0.9934607845303218
          0.9922384283173306
          0.9908481620315983
          0.9892785621225403
          0.9875192454950734
          0.9855610991851108
          0.9833964746787172
          0.9810193388116145
          0.9784253758572706
          0.9756120383656073
          0.9725785472702602
          0.9693258444804825
          0.9658565034057028
          0.9621746044895527
          0.9582855837977815
          0.9541960630268522
          0.9499136690528545
          0.9454468504396215
          0.9408046973058065
          0.9359967697490917
          0.9310329387637992
          0.9259232423652349
          0.9206777585224966
          0.9153064955467799
          0.9098192998062142
          0.904225780043741
          0.8985352471503958
          0.8927566679727225
          0.8868986315854824
          0.8809693264136953
          0.8749765266167703
          0.8689275862301701
          0.8628294396779657
          0.8566886074077757
          0.850511205546206
          0.8443029586194319
          0.8380692145239701
          0.8318149610630738
          0.8255448434823334
          0.8192631825429567
          0.8129739927627622
          0.8066810005336296
          0.8003876618909056
          0.7940971797661878
          0.7878125206011759
          0.7815364302381252
          0.7752714490329964
          0.7690199261617899
          0.7627840331096987
          0.7565657763475435
          0.7503670092111793
          0.7441894430078593
          0.7380346573794617
          0.7319041099564987
          0.7257991453393301
          0.7197210034443201
          0.7136708272530735
          0.7076496700025906
          0.7016585018533598
          0.6956982160712136
          0.6897696347573142
          0.6838735141590042
          0.6780105495925257
          0.6721813800068345
          0.6663865922159457
          0.6606267248254919
          0.6549022718774679
          0.6492136862354805
          0.6435613827312664
          0.6379457410917467
          0.6323671086644894
          0.6268258029581462
          0.6213221140132004
          0.615856306617236
          0.6104286223778762
          0.605039281665579
          0.5996884854375708
          0.5943764169533878
          0.5891032433917291
          0.5838691173776449
          0.5786741784284442
          0.5735185543261372
          0.5684023624237003
          0.56332571089198
          0.5582886999136168
          0.5532914228299868
          0.5483339672468007
          0.54341641610369
          0.5385388487128161
          0.5337013417712945
          0.5289039703519843
          0.5241468088769988
          0.5194299320781003
          0.5147534159479827
          0.5101173386862938
          0.5055217816441117
          0.5009668302704707
          0.4964525750644087
          0.4919791125359003
          0.4875465461789278
          0.4831549874598326
          0.4788045568239682
          0.4744953847235496
          0.47022761266944924
          0.4660013943095261
          0.46181689653587943
          0.4576743006231959
          0.4535738034000872
          0.449515618454991
          0.44549997737783603
          0.4415271310381995
          0.4375973509001559
          0.43371093037336184
          0.4298681861991663
          0.4260694598696303
          0.42231511907629526
          0.41860555918430425
          0.4149412047260558
          0.41132251090691263
          0.4077499651135922
          0.40422408841368107
          0.4007454370322372
          0.3973146037886344
          0.39393221947363816
          0.3905989541431705
          0.3873155183012925
          0.38408266394061785
          0.3809011854036548
          0.37777192002349064
          0.3746957484968038
          0.37167359493648905
          0.36870642654528324
          0.36579525284582076
          0.36294112439668685
          0.3601451309184839
          0.3574083987489634
          0.3547320875422142
          0.35211738612414306
          0.34956550741549486
          0.34707768233495817
          0.34465515259907237
          0.34229916234332874
          0.3400109485006877
          0.33779172989036804
          0.3356426949918025
          0.3335649884066016
          0.3315596960455512
          0.3296278291182077
          0.3277703070493064
          0.3259879394983616
          0.3525208448149168
        </DataArray>
        <DataArray type="UInt32" Name="partition_id" NumberOfComponents="1" format="ascii">
          0
          0
          0
          0
          0
          0
          0
          0
          0
          0
          0
          0
          0
          0
          0
          0
          0
          0
          0
          0
          0
          0
          0
          0
          0
          0
          0
          0
          0
          0
          0
          0
          0
          0
          0
          0
          0
          0
          0
          0
          0
          0
          0
          0
          0
          0
          0
          0
          0
          0
          0
          0
          0
          0
          0
          0
          0
          0
          0
          0
          0
          0
          0
          0
          0
          0
          0
          0
          0
          0
          0
          0
          0
          0
          0
          0
          0
          0
          0
          0
          0
          0
          0
          0
          0
          0
          0
          0
          0
          0
          0
          0
          0
          0
          0
          0
          0
          0
          0
          0
          0
          0
          0
          0
          0
          0
          0
          0
          0
          0
          0
          0
          0
          0
          0
          0
          0
          0
          0
          0
          0
          0
          0
          0
          0
          0
          0
          0
          0
          0
          0
          0
          0
          0
          0
          0
          0
          0
          0
          0
          0
          0
          0
          0
          0
          0
          0
          0
          0
          0
          0
          0
          0
          0
          0
          0
          0
          0
          0
          0
          0
          0
          0
          0
          0
          0
          0
          0
          0
          0
          0
          0
          0
          0
          0
          0
          0
          0
          0
          0
          0
          0
          0
          0
          0
          0
          0
          0
          0
          0
          0
          0
          0
          0
          0
          0
          0
          0
          0
          0
          0
          0
          0
          0
          0
          0
          0
          0
          0
          0
          0
          0
          0
          0
          0
          0
          0
          0
          0
          0
          0
          0
          0
          0
          0
          0
          0
          0
          0
          0
          0
          0
          0
          0
          0
          0
          0
          0
          0
          0
          0
          0
          0
          0
          0
          0
          0
          0
          0
          0
          0
          0
          0
          0
          0
          0
          0
          0
          0
          0
          0
          0
          0
          0
          0
          0
          0
          0
          0
          0
          0
          0
          0
          0
          0
          0
          0
          0
          0
          0
          0
          0
          0
          0
          0
          0
          0
          0
          0
          0
          0
          0
          0
          0
          0
          0
          0
          0
          0
          0
          0
          0
          0
          0
          0
          0
          0
          0
          0
          0
          0
          0
          0
          0
          0
          0
          0
          0
          0
          0
          0
          0
          0
          0
          0
          0
          0
          0
          0
          0
          0
          0
          0
          0
          0
          0
          0
          0
          0
          0
          0
          0
          0
          0
          0
          0
          0
          0
          0
          0
          0
          0
          0
          0
          0
          0
          0
          0
          0
          0
          0
          0
          0
          0
          0
          0
          0
          0
          0
          0
          0
          0
          0
          0
          0
          0
          0
          0
          0
          0
          0
          0
          0
          0
          0
          0
          0
          0
          0
          0
          0
          0
          0
          0
          0
          0
          0
          0
          0
          0
          0
          0
          0
          0
          0
          0
          0
          0
          0
          0
          0
          0
          0
          0
          0
          0
          0
          0
          0
          0
          0
          0
          0
          0
          0
          0
          0
          0
          0
          0
          0
          0
          0
          0
          0
          0
          0
          0
          0
          0
          0
          0
          0
          0
          0
          0
          0
          0
          0
          0
          0
          0
          0
          0
          0
          0
          0
          0
          0
          0
          0
          0
          0
          0
          0
          0
          0
          0
          0
          0
          0
          0
          0
          0
          0
          0
          0
          0
          0
          0
          0
          0
          0
          0
          0
          0
          0
          0
          0
          0
          0
          0
          0
          0
          0
          0
          0
          0
          0
          0
          0
        </DataArray>
        <DataArray type="UInt64" Name="global_cell_id" NumberOfComponents="1" format="ascii">
          0
          1
          2
          3
          4
          5
          6
          7
          8
          9
          10
          11
          12
          13
          14
          15
          16
          17
          18
          19
          20
          21
          22
          23
          24
          25
          26
          27
          28
          29
          30
          31
          32
          33
          34
          35
          36
          37
          38
          39
          40
          41
          42
          43
          44
          45
          46
          47
          48
          49
          50
          51
          52
          53
          54
          55
          56
          57
          58
          59
          60
          61
          62
          63
          64
          65
          66
          67
          68
          69
          70
          71
          72
          73
          74
          75
          76
          77
          78
          79
          80
          81
          82
          83
          84
          85
          86
          87
          88
          89
          90
          91
          92
          93
          94
          95
          96
          97
          98
          99
          100
          101
          102
          103
          104
          105
          106
          107
          108
          109
          110
          111
          112
          113
          114
          115
          116
          117
          118
          119
          120
          121
          122
          123
          124
          125
          126
          127
          128
          129
          130
          131
          132
          133
          134
          135
          136
          137
          138
          139
          140
          141
          142
          143
          144
          145
          146
          147
          148
          149
          150
          151
          152
          153
          154
          155
          156
          157
          158
          159
          160
          161
          162
          163
          164
          165
          166
          167
          168
          169
          170
          171
          172
          173
          174
          175
          176
          177
          178
          179
          180
          181
          182
          183
          184
          185
          186
          187
          188
          189
          190
          191
          192
          193
          194
          195
          196
          197
          198
          199
          200
          201
          202
          203
          204
          205
          206
          207
          208
          209
          210
          211
          212
          213
          214
          215
          216
          217
          218
          219
          220
          221
          222
          223
          224
          225
          226
          227
          228
          229
          230
          231
          232
          233
          234
          235
          236
          237
          238
          239
          240
          241
          242
          243
          244
          245
          246
          247
          248
          249
          250
          251
          252
          253
          254
          255
          256
          257
          258
          259
          260
          261
          262
          263
          264
          265
          266
          267
          268
          269
          270
          271
          272
          273
          274
          275
          276
          277
          278
          279
          280
          281
          282
          283
          284
          285
          286
          287
          288
          289
          290
          291
          292
          293
          294
          295
          296
          297
          298
          299
          300
          301
          302
          303
          304
          305
          306
          307
          308
          309
          310
          311
          312
          313
          314
          315
          316
          317
          318
          319
          320
          321
          322
          323
          324
          325
          326
          327
          328
          329
          330
          331
          332
          333
          334
          335
          336
          337
          338
          339
          340
          341
          342
          343
          344
          345
          346
          347
          348
          349
          350
          351
          352
          353
          354
          355
          356
          357
          358
          359
          360
          361
          362
          363
          364
          365
          366
          367
          368
          369
          370
          371
          372
          373
          374
          375
          376
          377
          378
          379
          380
          381
          382
          383
          384
          385
          386
          387
          388
          389
          390
          391
          392
          393
          394
          395
          396
          397
          398
          399
          400
          401
          402
          403
          404
          405
          406
          407
          408
          409
          410
          411
          412
          413
          414
          415
          416
          417
          418
          419
          420
          421
          422
          423
          424
          425
          426
          427
          428
          429
          430
          431
          432
          433
          434
          435
          436
          437
          438
          439
          440
          441
          442
          443
          444
          445
          446
          447
          448
          449
          450
          451
          452
          453
          454
          455
          456
          457
          458
          459
          460
          461
          462
          463
          464
          465
          466
          467
          468
          469
          470
          471
          472
          473
          474
          475
          476
          477
          478
          479
          480
          481
          482
          483
          484
          485
          486
          487
          488
          489
          490
          491
          492
          493
          494
          495
          496
          497
          498
          499
          500
        </DataArray>
        <DataArray type="UInt32" Name="local_cell_id" NumberOfComponents="1" format="ascii">
          0
          1
          2
          3
          4
          5
          6
          7
          8
          9
          10
          11
          12
          13
          14
          15
          16
          17
          18
          19
          20
          21
          22
          23
          24
          25
          26
          27
          28
          29
          30
          31
          32
          33
          34
          35
          36
          37
          38
          39
          40
          41
          42
          43
          44
          45
          46
          47
          48
          49
          50
          51
          52
          53
          54
          55
          56
          57
          58
          59
          60
          61
          62
          63
          64
          65
          66
          67
          68
          69
          70
          71
          72
          73
          74
          75
          76
          77
          78
          79
          80
          81
          82
          83
          84
          85
          86
          87
          88
          89
          90
          91
          92
          93
          94
          95
          96
          97
          98
          99
          100
          101
          102
          103
          104
          105
          106
          107
          108
          109
          110
          111
          112
          113
          114
          115
          116
          117
          118
          119
          120
          121
          122
          123
          124
          125
          126
          127
          128
          129
          130
          131
          132
          133
          134
          135
          136
          137
          138
          139
          140
          141
          142
          143
          144
          145
          146
          147
          148
          149
          150
          151
          152
          153
          154
          155
          156
          157
          158
          159
          160
          161
          162
          163
          164
          165
          166
          167
          168
          169
          170
          171
          172
          173
          174
          175
          176
          177
          178
          179
          180
          181
          182
          183
          184
          185
          186
          187
          188
          189
          190
          191
          192
          193
          194
          195
          196
          197
          198
          199
          200
          201
          202
          203
          204
          205
          206
          207
          208
          209
          210
          211
          212
          213
          214
          215
          216
          217
          218
          219
          220
          221
          222
          223
          224
          225
          226
          227
          228
          229
          230
          231
          232
          233
          234
          235
          236
          237
          238
          239
          240
          241
          242
          243
          244
          245
          246
          247
          248
          249
          250
          251
          252
          253
          254
          255
          256
          257
          258
          259
          260
          261
          262
          263
          264
          265
          266
          267
          268
          269
          270
          271
          272
          273
          274
          275
          276
          277
          278
          279
          280
          281
          282
          283
          284
          285
          286
          287
          288
          289
          290
          291
          292
          293
          294
          295
          296
          297
          298
          299
          300
          301
          302
          303
          304
          305
          306
          307
          308
          309
          310
          311
          312
          313
          314
          315
          316
          317
          318
          319
          320
          321
          322
          323
          324
          325
          326
          327
          328
          329
          330
          331
          332
          333
          334
          335
          336
          337
          338
          339
          340
          341
          342
          343
          344
          345
          346
          347
          348
          349
          350
          351
          352
          353
          354
          355
          356
          357
          358
          359
          360
          361
          362
          363
          364
          365
          366
          367
          368
          369
          370
          371
          372
          373
          374
          375
          376
          377
          378
          379
          380
          381
          382
          383
          384
          385
          386
          387
          388
          389
          390
          391
          392
          393
          394
          395
          396
          397
          398
          399
          400
          401
          402
          403
          404
          405
          406
          407
          408
          409
          410
          411
          412
          413
          414
          415
          416
          417
          418
          419
          420
          421
          422
          423
          424
          425
          426
          427
          428
          429
          430
          431
          432
          433
          434
          435
          436
          437
          438
          439
          440
          441
          442
          443
          444
          445
          446
          447
          448
          449
          450
          451
          452
          453
          454
          455
          456
          457
          458
          459
          460
          461
          462
          463
          464
          465
          466
          467
          468
          469
          470
          471
          472
          473
          474
          475
          476
          477
          478
          479
          480
          481
          482
          483
          484
          485
          486
          487
          488
          489
          490
          491
          492
          493
          494
          495
          496
          497
          498
          499
          500
        </DataArray>
        <DataArray type="UInt8" Name="is_ghost" NumberOfComponents="1" format="ascii">
          0
          0
          0
          0
          0
          0
          0
          0
          0
          0
          0
          0
          0
          0
          0
          0
          0
          0
          0
          0
          0
          0
          0
          0
          0
          0
          0
          0
          0
          0
          0
          0
          0
          0
          0
          0
          0
          0
          0
          0
          0
          0
          0
          0
          0
          0
          0
          0
          0
          0
          0
          0
          0
          0
          0
          0
          0
          0
          0
          0
          0
          0
          0
          0
          0
          0
          0
          0
          0
          0
          0
          0
          0
          0
          0
          0
          0
          0
          0
          0
          0
          0
          0
          0
          0
          0
          0
          0
          0
          0
          0
          0
          0
          0
          0
          0
          0
          0
          0
          0
          0
          0
          0
          0
          0
          0
          0
          0
          0
          0
          0
          0
          0
          0
          0
          0
          0
          0
          0
          0
          0
          0
          0
          0
          0
          0
          0
          0
          0
          0
          0
          0
          0
          0
          0
          0
          0
          0
          0
          0
          0
          0
          0
          0
          0
          0
          0
          0
          0
          0
          0
          0
          0
          0
          0
          0
          0
          0
          0
          0
          0
          0
          0
          0
          0
          0
          0
          0
          0
          0
          0
          0
          0
          0
          0
          0
          0
          0
          0
          0
          0
          0
          0
          0
          0
          0
          0
          0
          0
          0
          0
          0
          0
          0
          0
          0
          0
          0
          0
          0
          0
          0
          0
          0
          0
          0
          0
          0
          0
          0
          0
          0
          0
          0
          0
          0
          0
          0
          0
          0
          0
          0
          0
          0
          0
          0
          0
          0
          0
          0
          0
          0
          0
          0
          0
          0
          0
          0
          0
          0
          0
          0
          0
          0
          0
          0
          0
          0
          0
          0
          0
          0
          0
          0
          0
          0
          0
          0
          0
          0
          0
          0
          0
          0
          0
          0
          0
          0
          0
          0
          0
          0
          0
          0
          0
          0
          0
          0
          0
          0
          0
          0
          0
          0
          0
          0
          0
          0
          0
          0
          0
          0
          0
          0
          0
          0
          0
          0
          0
          0
          0
          0
          0
          0
          0
          0
          0
          0
          0
          0
          0
          0
          0
          0
          0
          0
          0
          0
          0
          0
          0
          0
          0
          0
          0
          0
          0
          0
          0
          0
          0
          0
          0
          0
          0
          0
          0
          0
          0
          0
          0
          0
          0
          0
          0
          0
          0
          0
          0
          0
          0
          0
          0
          0
          0
          0
          0
          0
          0
          0
          0
          0
          0
          0
          0
          0
          0
          0
          0
          0
          0
          0
          0
          0
          0
          0
          0
          0
          0
          0
          0
          0
          0
          0
          0
          0
          0
          0
          0
          0
          0
          0
          0
          0
          0
          0
          0
          0
          0
          0
          0
          0
          0
          0
          0
          0
          0
          0
          0
          0
          0
          0
          0
          0
          0
          0
          0
          0
          0
          0
          0
          0
          0
          0
          0
          0
          0
          0
          0
          0
          0
          0
          0
          0
          0
          0
          0
          0
          0
          0
          0
          0
          0
          0
          0
          0
          0
          0
          0
          0
          0
          0
          0
          0
          0
          0
          0
          0
          0
          0
          0
          0
          0
          0
          0
          0
          0
          0
          0
          0
          0
          0
          0
          0
          0
          0
          0
          0
          0
          0
          0
          0
          0
          0
          0
          0
          0
          0
          0
          0
          0
          0
          0
          0
          0
          0
          0
          0
          0
          0
          1
        </DataArray>
        <DataArray type="Int64" Name="ghost_source_partition" NumberOfComponents="1" format="ascii">
          -1
          -1
          -1
          -1
          -1
          -1
          -1
          -1
          -1
          -1
          -1
          -1
          -1
          -1
          -1
          -1
          -1
          -1
          -1
          -1
          -1
          -1
          -1
          -1
          -1
          -1
          -1
          -1
          -1
          -1
          -1
          -1
          -1
          -1
          -1
          -1
          -1
          -1
          -1
          -1
          -1
          -1
          -1
          -1
          -1
          -1
          -1
          -1
          -1
          -1
          -1
          -1
          -1
          -1
          -1
          -1
          -1
          -1
          -1
          -1
          -1
          -1
          -1
          -1
          -1
          -1
          -1
          -1
          -1
          -1
          -1
          -1
          -1
          -1
          -1
          -1
          -1
          -1
          -1
          -1
          -1
          -1
          -1
          -1
          -1
          -1
          -1
          -1
          -1
          -1
          -1
          -1
          -1
          -1
          -1
          -1
          -1
          -1
          -1
          -1
          -1
          -1
          -1
          -1
          -1
          -1
          -1
          -1
          -1
          -1
          -1
          -1
          -1
          -1
          -1
          -1
          -1
          -1
          -1
          -1
          -1
          -1
          -1
          -1
          -1
          -1
          -1
          -1
          -1
          -1
          -1
          -1
          -1
          -1
          -1
          -1
          -1
          -1
          -1
          -1
          -1
          -1
          -1
          -1
          -1
          -1
          -1
          -1
          -1
          -1
          -1
          -1
          -1
          -1
          -1
          -1
          -1
          -1
          -1
          -1
          -1
          -1
          -1
          -1
          -1
          -1
          -1
          -1
          -1
          -1
          -1
          -1
          -1
          -1
          -1
          -1
          -1
          -1
          -1
          -1
          -1
          -1
          -1
          -1
          -1
          -1
          -1
          -1
          -1
          -1
          -1
          -1
          -1
          -1
          -1
          -1
          -1
          -1
          -1
          -1
          -1
          -1
          -1
          -1
          -1
          -1
          -1
          -1
          -1
          -1
          -1
          -1
          -1
          -1
          -1
          -1
          -1
          -1
          -1
          -1
          -1
          -1
          -1
          -1
          -1
          -1
          -1
          -1
          -1
          -1
          -1
          -1
          -1
          -1
          -1
          -1
          -1
          -1
          -1
          -1
          -1
          -1
          -1
          -1
          -1
          -1
          -1
          -1
          -1
          -1
          -1
          -1
          -1
          -1
          -1
          -1
          -1
          -1
          -1
          -1
          -1
          -1
          -1
          -1
          -1
          -1
          -1
          -1
          -1
          -1
          -1
          -1
          -1
          -1
          -1
          -1
          -1
          -1
          -1
          -1
          -1
          -1
          -1
          -1
          -1
          -1
          -1
          -1
          -1
          -1
          -1
          -1
          -1
          -1
          -1
          -1
          -1
          -1
          -1
          -1
          -1
          -1
          -1
          -1
          -1
          -1
          -1
          -1
          -1
          -1
          -1
          -1
          -1
          -1
          -1
          -1
          -1
          -1
          -1
          -1
          -1
          -1
          -1
          -1
          -1
          -1
          -1
          -1
          -1
          -1
          -1
          -1
          -1
          -1
          -1
          -1
          -1
          -1
          -1
          -1
          -1
          -1
          -1
          -1
          -1
          -1
          -1
          -1
          -1
          -1
          -1
          -1
          -1
          -1
          -1
          -1
          -1
          -1
          -1
          -1
          -1
          -1
          -1
          -1
          -1
          -1
          -1
          -1
          -1
          -1
          -1
          -1
          -1
          -1
          -1
          -1
          -1
          -1
          -1
          -1
          -1
          -1
          -1
          -1
          -1
          -1
          -1
          -1
          -1
          -1
          -1
          -1
          -1
          -1
          -1
          -1
          -1
          -1
          -1
          -1
          -1
          -1
          -1
          -1
          -1
          -1
          -1
          -1
          -1
          -1
          -1
          -1
          -1
          -1
          -1
          -1
          -1
          -1
          -1
          -1
          -1
          -1
          -1
          -1
          -1
          -1
          -1
          -1
          -1
          -1
          -1
          -1
          -1
          -1
          -1
          -1
          -1
          -1
          -1
          -1
          -1
          -1
          -1
          -1
          -1
          -1
          -1
          -1
          -1
          -1
          -1
          -1
          -1
          -1
          -1
          -1
          -1
          -1
          -1
          -1
          -1
          -1
          -1
          -1
          -1
          -1
          -1
          -1
          -1
          -1
          -1
          -1
          -1
          -1
          -1
          -1
          -1
          -1
          -1
          -1
          -1
          -1
          -1
          -1
          -1
          -1
          -1
          -1
          -1
          -1
          -1
          -1
          -1
          -1
          -1
          -1
          -1
          -1
          -1
          -1
          1
        </DataArray>
        <DataArray type="Int64" Name="ghost_source_local_cell" NumberOfComponents="1" format="ascii">
          -1
          -1
          -1
          -1
          -1
          -1
          -1
          -1
          -1
          -1
          -1
          -1
          -1
          -1
          -1
          -1
          -1
          -1
          -1
          -1
          -1
          -1
          -1
          -1
          -1
          -1
          -1
          -1
          -1
          -1
          -1
          -1
          -1
          -1
          -1
          -1
          -1
          -1
          -1
          -1
          -1
          -1
          -1
          -1
          -1
          -1
          -1
          -1
          -1
          -1
          -1
          -1
          -1
          -1
          -1
          -1
          -1
          -1
          -1
          -1
          -1
          -1
          -1
          -1
          -1
          -1
          -1
          -1
          -1
          -1
          -1
          -1
          -1
          -1
          -1
          -1
          -1
          -1
          -1
          -1
          -1
          -1
          -1
          -1
          -1
          -1
          -1
          -1
          -1
          -1
          -1
          -1
          -1
          -1
          -1
          -1
          -1
          -1
          -1
          -1
          -1
          -1
          -1
          -1
          -1
          -1
          -1
          -1
          -1
          -1
          -1
          -1
          -1
          -1
          -1
          -1
          -1
          -1
          -1
          -1
          -1
          -1
          -1
          -1
          -1
          -1
          -1
          -1
          -1
          -1
          -1
          -1
          -1
          -1
          -1
          -1
          -1
          -1
          -1
          -1
          -1
          -1
          -1
          -1
          -1
          -1
          -1
          -1
          -1
          -1
          -1
          -1
          -1
          -1
          -1
          -1
          -1
          -1
          -1
          -1
          -1
          -1
          -1
          -1
          -1
          -1
          -1
          -1
          -1
          -1
          -1
          -1
          -1
          -1
          -1
          -1
          -1
          -1
          -1
          -1
          -1
          -1
          -1
          -1
          -1
          -1
          -1
          -1
          -1
          -1
          -1
          -1
          -1
          -1
          -1
          -1
          -1
          -1
          -1
          -1
          -1
          -1
          -1
          -1
          -1
          -1
          -1
          -1
          -1
          -1
          -1
          -1
          -1
          -1
          -1
          -1
          -1
          -1
          -1
          -1
          -1
          -1
          -1
          -1
          -1
          -1
          -1
          -1
          -1
          -1
          -1
          -1
          -1
          -1
          -1
          -1
          -1
          -1
          -1
          -1
          -1
          -1
          -1
          -1
          -1
          -1
          -1
          -1
          -1
          -1
          -1
          -1
          -1
          -1
          -1
          -1
          -1
          -1
          -1
          -1
          -1
          -1
          -1
          -1
          -1
          -1
          -1
          -1
          -1
          -1
          -1
          -1
          -1
          -1
          -1
          -1
          -1
          -1
          -1
          -1
          -1
          -1
          -1
          -1
          -1
          -1
          -1
          -1
          -1
          -1
          -1
          -1
          -1
          -1
          -1
          -1
          -1
          -1
          -1
          -1
          -1
          -1
          -1
          -1
          -1
          -1
          -1
          -1
          -1
          -1
          -1
          -1
          -1
          -1
          -1
          -1
          -1
          -1
          -1
          -1
          -1
          -1
          -1
          -1
          -1
          -1
          -1
          -1
          -1
          -1
          -1
          -1
          -1
          -1
          -1
          -1
          -1
          -1
          -1
          -1
          -1
          -1
          -1
          -1
          -1
          -1
          -1
          -1
          -1
          -1
          -1
          -1
          -1
          -1
          -1
          -1
          -1
          -1
          -1
          -1
          -1
          -1
          -1
          -1
          -1
          -1
          -1
          -1
          -1
          -1
          -1
          -1
          -1
          -1
          -1
          -1
          -1
          -1
          -1
          -1
          -1
          -1
          -1
          -1
          -1
          -1
          -1
          -1
          -1
          -1
          -1
          -1
          -1
          -1
          -1
          -1
          -1
          -1
          -1
          -1
          -1
          -1
          -1
          -1
          -1
          -1
          -1
          -1
          -1
          -1
          -1
          -1
          -1
          -1
          -1
          -1
          -1
          -1
          -1
          -1
          -1
          -1
          -1
          -1
          -1
          -1
          -1
          -1
          -1
          -1
          -1
          -1
          -1
          -1
          -1
          -1
          -1
          -1
          -1
          -1
          -1
          -1
          -1
          -1
          -1
          -1
          -1
          -1
          -1
          -1
          -1
          -1
          -1
          -1
          -1
          -1
          -1
          -1
          -1
          -1
          -1
          -1
          -1
          -1
          -1
          -1
          -1
          -1
          -1
          -1
          -1
          -1
          -1
          -1
          -1
          -1
          -1
          -1
          -1
          -1
          -1
          -1
          -1
          -1
          -1
          -1
          -1
          -1
          -1
          -1
          -1
          -1
          -1
          -1
          -1
          -1
          -1
          -1
          -1
          -1
          0
        </DataArray>
        <DataArray type="UInt8" Name="vtkGhostType" NumberOfComponents="1" format="ascii">
          0
          0
          0
          0
          0
          0
          0
          0
          0
          0
          0
          0
          0
          0
          0
          0
          0
          0
          0
          0
          0
          0
          0
          0
          0
          0
          0
          0
          0
          0
          0
          0
          0
          0
          0
          0
          0
          0
          0
          0
          0
          0
          0
          0
          0
          0
          0
          0
          0
          0
          0
          0
          0
          0
          0
          0
          0
          0
          0
          0
          0
          0
          0
          0
          0
          0
          0
          0
          0
          0
          0
          0
          0
          0
          0
          0
          0
          0
          0
          0
          0
          0
          0
          0
          0
          0
          0
          0
          0
          0
          0
          0
          0
          0
          0
          0
          0
          0
          0
          0
          0
          0
          0
          0
          0
          0
          0
          0
          0
          0
          0
          0
          0
          0
          0
          0
          0
          0
          0
          0
          0
          0
          0
          0
          0
          0
          0
          0
          0
          0
          0
          0
          0
          0
          0
          0
          0
          0
          0
          0
          0
          0
          0
          0
          0
          0
          0
          0
          0
          0
          0
          0
          0
          0
          0
          0
          0
          0
          0
          0
          0
          0
          0
          0
          0
          0
          0
          0
          0
          0
          0
          0
          0
          0
          0
          0
          0
          0
          0
          0
          0
          0
          0
          0
          0
          0
          0
          0
          0
          0
          0
          0
          0
          0
          0
          0
          0
          0
          0
          0
          0
          0
          0
          0
          0
          0
          0
          0
          0
          0
          0
          0
          0
          0
          0
          0
          0
          0
          0
          0
          0
          0
          0
          0
          0
          0
          0
          0
          0
          0
          0
          0
          0
          0
          0
          0
          0
          0
          0
          0
          0
          0
          0
          0
          0
          0
          0
          0
          0
          0
          0
          0
          0
          0
          0
          0
          0
          0
          0
          0
          0
          0
          0
          0
          0
          0
          0
          0
          0
          0
          0
          0
          0
          0
          0
          0
          0
          0
          0
          0
          0
          0
          0
          0
          0
          0
          0
          0
          0
          0
          0
          0
          0
          0
          0
          0
          0
          0
          0
          0
          0
          0
          0
          0
          0
          0
          0
          0
          0
          0
          0
          0
          0
          0
          0
          0
          0
          0
          0
          0
          0
          0
          0
          0
          0
          0
          0
          0
          0
          0
          0
          0
          0
          0
          0
          0
          0
          0
          0
          0
          0
          0
          0
          0
          0
          0
          0
          0
          0
          0
          0
          0
          0
          0
          0
          0
          0
          0
          0
          0
          0
          0
          0
          0
          0
          0
          0
          0
          0
          0
          0
          0
          0
          0
          0
          0
          0
          0
          0
          0
          0
          0
          0
          0
          0
          0
          0
          0
          0
          0
          0
          0
          0
          0
          0
          0
          0
          0
          0
          0
          0
          0
          0
          0
          0
          0
          0
          0
          0
          0
          0
          0
          0
          0
          0
          0
          0
          0
          0
          0
          0
          0
          0
          0
          0
          0
          0
          0
          0
          0
          0
          0
          0
          0
          0
          0
          0
          0
          0
          0
          0
          0
          0
          0
          0
          0
          0
          0
          0
          0
          0
          0
          0
          0
          0
          0
          0
          0
          0
          0
          0
          0
          0
          0
          0
          0
          0
          0
          0
          0
          0
          0
          0
          0
          0
          0
          0
          0
          0
          0
          0
          0
          0
          0
          0
          0
          0
          0
          0
          0
          0
          0
          0
          0
          0
          0
          0
          0
          0
          0
          1
        </DataArray>
      </CellData>
    </Piece>
  </UnstructuredGrid>
</VTKFile>
